"Round","Question","Topic","Frequency","List of dates","List of sources","List of locations"
"1","Allocate n advertising slots among m companies with ad-request counts and per-ad payments to maximize profit.","Greedy / Allocation","1","2026-08-10 (publication)","https://leetcode.com/discuss/post/8452606/amazon-interview-experience-5-yoe-automa-nlwf/","Not stated"
"1","Cancel matching character pairs in a string and return whether any character remains.","Strings / Hashing","1","2026-08-11 (interview)","https://www.reddit.com/r/amazonemployees/comments/1vpockt/","Not stated"
"1","Check whether a binary tree is height-balanced, with an unspecified variation.","Trees","1","2025-02 (interview)","https://leetcode.com/discuss/post/6673070/","Not stated"
"1","Choose k cards from either end of an array to maximize total points.","Arrays / Sliding window","1","2025-07 (interview)","https://leetcode.com/discuss/post/7027366/amazon-sde-2-interview-experience-2yoe-h-ynf0/","India"
"1","Choose the maximum saw height that cuts at least M total length from poles of given heights.","Binary search","1","2025-05-23 (interview)","https://leetcode.com/discuss/post/6923887/amazon-sde-2-interview-experience-select-rwpm/","India"
"1","Compute the edit distance between two strings.","Dynamic programming","1","2025-09-13 (publication)","https://discuss.frontendlead.com/t/amazon-sde-ii-interview/2619","Not stated"
"1","Count the islands in a binary grid.","Graphs / Grid traversal","4","2026-04-25 (publication); 2025-08 (interview); 2025-05-23 (publication); 2025-03-03 (publication)","https://leetcode.com/discuss/post/8096139/amazon-sde-ii-interview-experience-need-qrubb/; https://leetcode.com/discuss/post/7337246/amazon-sde-2-backend-interview-exp-offer-iqyp/; https://leetcode.com/discuss/post/6774605/amazon-sde-2-interview-experience-by-ano-zljs/; https://leetcode.com/discuss/post/6493437/amazon-sde-2-interview-experience-28-yoe-xmih/","India; Not stated"
"1","Count the valid decodings of a digit string (Decode Ways).","Dynamic programming","1","2025-10-29 (publication)","https://leetcode.com/discuss/post/7311674/amazon-sde-2-interview-experience-by-ano-2mnf/","Not stated"
"1","Count unique pairs in a 2D matrix of distinct numbers whose sum equals a target.","Arrays / Hashing","1","2025-11-27 (publication)","https://www.reddit.com/r/leetcode/comments/1p8fyxx/","India"
"1","Count ways to form an amount using given coin denominations.","Dynamic programming","1","2025-05 (interview)","https://leetcode.com/discuss/post/6792693/amazon-sde-2-may-interview-experience-by-o5zr/","Not stated"
"1","Deep-copy a linked list with random pointers.","Linked lists","1","2026-03-19 (publication)","https://leetcode.com/discuss/post/7670163/amazon-sde-2-selected-by-anonymous_user-7rq8/","Not stated"
"1","Describe a conflict or disagreement with your manager and how you handled it.","Behavioral / Disagreement","1","2025-07 (interview)","https://leetcode.com/discuss/post/7228788/amazon-sde-2-reject-by-anonymous_user-l3z6/","Not stated"
"1","Describe a conflict with a manager or peer.","Behavioral","1","2025-09-10 (publication)","https://leetcode.com/discuss/post/7175298/amazon-dublin-sde2-reject-by-anonymous_u-xzt5/","Ireland"
"1","Describe a conflict with a team member and how you handled it.","Behavioral / Earn trust","1","2025-04-29 (publication)","https://leetcode.com/discuss/post/6699329/amazon-sde-2-india-interview-experience-5gzeo/","India"
"1","Describe a long-term initiative for which you sacrificed short-term goals.","Behavioral / Long-term thinking","1","2026-08-18 (publication)","https://leetcode.com/discuss/post/8468910/amazon-sde-2-interview-experience-4-roun-i38r/","Not stated"
"1","Describe a project where you took ownership of a critical issue with meaningful user impact.","Behavioral / Ownership","1","2026 (interview)","https://leetcode.com/discuss/post/8420230/amazon-sde-2-interview-experience-2026-e-t1g8/","India"
"1","Describe a situation where you pushed back on a customer request.","Behavioral / Customer judgment","1","2026-08-18 (publication)","https://leetcode.com/discuss/post/8468910/amazon-sde-2-interview-experience-4-roun-i38r/","Not stated"
"1","Describe a time you failed.","Behavioral","1","2025-04-07 (publication)","https://leetcode.com/discuss/post/6624679/amazon-sde-ii-usa-onsite-interview-by-an-t3v7/","United States"
"1","Describe a time you had to explore something completely new for your work.","Behavioral","1","2025-07-15 (publication)","https://leetcode.com/discuss/post/6962158/amazon-l5-sde2-backend-by-anonymous_user-6zry/","India"
"1","Describe a time you missed a deadline and how you handled it.","Behavioral / Deliver results","1","2025-07 (interview)","https://leetcode.com/discuss/post/7228788/amazon-sde-2-reject-by-anonymous_user-l3z6/","Not stated"
"1","Describe a time you went above and beyond for a customer, including your actions and impact.","Behavioral / Customer obsession","1","2025-02-05 (publication)","https://www.reddit.com/r/leetcode/comments/1ii7pwc/","Not stated"
"1","Describe an interesting project you are proud of.","Behavioral","1","2025-09-10 (publication)","https://leetcode.com/discuss/post/7175298/amazon-dublin-sde2-reject-by-anonymous_u-xzt5/","Ireland"
"1","Describe delivering a project under a tight or hard deadline.","Behavioral / Deliver results","2","2025-09-10 (publication); 2025-07-15 (publication)","https://leetcode.com/discuss/post/7175298/amazon-dublin-sde2-reject-by-anonymous_u-xzt5/; https://leetcode.com/discuss/post/6962158/amazon-l5-sde2-backend-by-anonymous_user-6zry/","India; Ireland"
"1","Describe digging deeply for a root cause when a surface-level fix was available.","Behavioral / Dive deep","1","2026 (interview)","https://shubhamrajkumawat.medium.com/amazons-sde-ii-interview-affs-pune-in-2026-a-full-breakdown-19b9593b32ec","India"
"1","Describe leading a technical project, your approach, and success metrics.","Behavioral / Ownership","1","2026-01 (interview)","https://leetcode.com/discuss/post/7638107/amazon-sde-2-4th-time-rejected-jan-2026-b5b72/","India"
"1","Describe something innovative you did at work.","Behavioral / Invent and simplify","2","2025-09-10 (publication); 2025-02 (interview)","https://leetcode.com/discuss/post/7175298/amazon-dublin-sde2-reject-by-anonymous_u-xzt5/; https://leetcode.com/discuss/post/6461481/amazon-sde-2-india-feb-2025-rejected-by-nxcpr/","India; Ireland"
"1","Describe work you took on outside your normal responsibilities.","Behavioral / Ownership","1","2025-04-29 (publication)","https://leetcode.com/discuss/post/6699329/amazon-sde-2-india-interview-experience-5gzeo/","India"
"1","Design a book marketplace matching customer purchase requests and maximum prices to the best deal across registered sellers.","System design","1","2026-08-26 (publication)","https://www.reddit.com/r/leetcode/comments/1vz16fx/","Not stated"
"1","Design a customer issue resolution system using classes, interfaces, design patterns and enums; working code is not required.","Low-level design / Customer support","1","2026-01 (interview)","https://leetcode.com/discuss/post/7554515/amazon-sde-2-jan-2026-offer-interview-ex-2gkm/","Not stated"
"1","Design a DNS resolver with health checks, TTL support, and fast reads.","Low-level design","1","2025-06-14 (publication)","https://leetcode.com/discuss/post/6841317/amazon-sde-2-interview-experience-by-cla-9dxb/","Not stated"
"1","Design a file-search API.","Low-level design","1","2025-05-31 (publication)","https://www.reddit.com/r/leetcode/comments/1kzutkk/","Ireland"
"1","Design a filesystem supporting printing, modifying and deleting child directories.","Low-level design","1","2025-08-06 (publication)","https://leetcode.com/discuss/post/7052436/amazon-sde2-offer-hyd-by-anonymous_user-uol4/","India"
"1","Design a Netflix-like media application supporting shows/movies, episodes, related episodes, and unique-view counts.","Low-level design","1","2025-06-26 (publication)","https://leetcode.com/discuss/post/6888988/amazon-sde-2-interview-exp-by-anonymous_-kcuz/","Not stated"
"1","Design a newsfeed with notifications for new posts.","System design","1","2025-10-14 (interview)","https://www.reddit.com/r/leetcode/comments/1o8441x/","India"
"1","Design a notification service.","System design / Notifications","1","2025-07 (interview)","https://www.reddit.com/r/leetcode/comments/1m55ep1/","Not stated"
"1","Design a package class and install function that resolves dependencies.","Low-level design / Graphs","1","2025-03-28 (publication)","https://www.reddit.com/r/leetcode/comments/1jm67v6/","United States"
"1","Design a payment system for a food-delivery application.","System design","1","2026-06-29 (publication)","https://www.reddit.com/r/amazonemployees/comments/1uiqngp/","Not stated"
"1","Design a playlist combining songs from DJ and recommendation services in equal or custom proportions, with user-preference filters.","Low-level design / Media","1","2026-08-18 (publication)","https://leetcode.com/discuss/post/8468910/amazon-sde-2-interview-experience-4-roun-i38r/","Not stated"
"1","Design a publish-subscribe system: publishers send events by type; subscribers can subscribe or unsubscribe to event types and receive matching messages.","Low-level design / Messaging","1","2026-09-10 (publication)","https://leetcode.com/discuss/post/8513742/amazon-sde-2-l5-spain-by-anonymous_user-vs2p/","Spain"
"1","Design a puppy shelter that accepts or rejects puppies according to arbitrary conditions.","Low-level design","1","2025-01-28 (publication)","https://www.reddit.com/r/leetcode/comments/1ic2btn/","Not stated"
"1","Design a random-winner system, with a follow-up to return the top K winners as winning chances accumulate.","Randomized algorithms","1","2025-02-08 (publication)","https://www.reddit.com/r/leetcode/comments/1ikxqeq/","Not stated"
"1","Design a rate limiter at low level, with some high-level design discussion; specific requirements are not supplied.","Low-level design","1","2025-11-28 (publication)","https://leetcode.com/discuss/post/7379756/amazon-sde-2-interview-exp-by-anonymous_-ide4/","Not stated"
"1","Design a restaurant reservation system with APIs and entities.","Low-level design","1","2025-09-18 (publication)","https://leetcode.com/discuss/post/7202451/amazon-sde2-onsite-experience-lessons-le-5bdc/","Not stated"
"1","Design a scalable architecture for Kindle.","System design","1","2025-07-14 (publication)","https://www.reddit.com/r/leetcode/comments/1lzmtlt/","Not stated"
"1","Design a scalable BookMyShow-style ticket-booking system. See evidence for report-specific booking and concurrency requirements.","System design / Booking","1","2026-04-12 (publication)","https://leetcode.com/discuss/post/7878487/amazon-sde2-selected-by-anonymous_user-c0zq/","Not stated"
"1","Design a stock-trading application that supports heavy traffic.","System design","1","2025-07-13 (publication)","https://medium.com/@harinera3691/amazon-sde-ii-interview-experience-2025-usa-8b6d8c8abc14","United States"
"1","Design a system for processing sensor data at scale.","System design","1","2025-06-12 (publication)","https://www.reddit.com/r/amazonemployees/comments/1l9pxwn/","Not stated"
"1","Design a system handling audio buffers through different processing stages at X frames per second.","Low-level design / Streaming","1","2026-07-27 (interview)","https://leetcode.com/discuss/post/8457154/amazon-sde-ii-interview-experience-2026-19lzv/","Not stated"
"1","Design a system similar to a K-leaderboard; exact Amazon-specific requirements are not supplied.","System design","1","2025-07 (interview)","https://leetcode.com/discuss/post/7228788/amazon-sde-2-reject-by-anonymous_user-l3z6/","Not stated"
"1","Design a system that schedules work to execute after X seconds.","Low-level design","1","2025-07-22 (publication)","https://leetcode.com/discuss/post/6988116/aws-sde-ii-rejected-usa-by-anonymous_use-s0jp/","United States"
"1","Design Amazon order history.","System design","1","2025-08-25 (publication)","https://www.reddit.com/r/amazonemployees/comments/1mzv6v6/","Canada"
"1","Design an auction platform, including editable bids, near-real-time leaderboards and reliable winning-bid tracking.","System design / Commerce","1","2026-01-08 (publication)","https://leetcode.com/discuss/post/7477684/amazon-india-sde-2-interview-experience-ca6y0/","Not stated"
"1","Design an AWS Lambda-like code-execution system.","System design","1","2025-09-13 (publication)","https://www.reddit.com/r/leetcode/comments/1nfl6yl/","United States"
"1","Design an inventory management system for Amazon.","System design / Inventory","1","2026-08-21 (interview)","https://leetcode.com/discuss/post/8512004/amazon-sde2-interview-experience-oa-phon-jhvj/","India"
"1","Design extensible shipping-cost calculation based on weight, distance, delivery type, priority, region and special handling.","Low-level design","1","2026-06-04 (publication)","https://leetcode.com/discuss/post/8312943/amazon-sde-2-india-interview-experience-a2s2q/","India"
"1","Design personalized autosuggestions with top-k trending suggestions and multilingual support.","System design / Search","1","2026-03-13 (publication)","https://leetcode.com/discuss/post/7646418/amazon-sde-2-blr-interview-experience-re-c2kl/","India"
"1","Design the AI chat system from your current work.","System design / AI chat","1","2025-04-23 (interview)","https://leetcode.com/discuss/post/6769948/my-amazon-l5-sde-ii-interview-experience-2cj2/","India"
"1","Design Tic-Tac-Toe.","Low-level design","1","2025-02-05 (publication)","https://www.reddit.com/r/leetcode/comments/1ii7pwc/","Not stated"
"1","Design WhatsApp, including read receipts and notifications.","System design","1","2025-09-24 (interview)","https://www.reddit.com/r/amazonemployees/comments/1o5jhbs/","India"
"1","Design YouTube with video uploads, likes/dislikes and comments; scale storage and concurrent reads/writes.","System design / Video","1","2026-03-03 (publication)","https://codeprismo.medium.com/amazon-interview-experience-sde-2-2026-c2cd6e71c035","Not stated"
"1","Detect a 132 pattern in an array.","Stacks","1","2026-01 (interview)","https://leetcode.com/discuss/post/7638107/amazon-sde-2-4th-time-rejected-jan-2026-b5b72/","India"
"1","Determine whether the last array index can be reached.","Dynamic programming","1","2026-03-27 (publication)","https://leetcode.com/discuss/post/7701734/amazon-sde-2-interview-experience-by-ano-x6lv/","India"
"1","Discuss a dynamic-islands follow-up similar to Number of Islands II.","Graphs / Disjoint sets","1","2025-03-03 (publication)","https://leetcode.com/discuss/post/6493437/amazon-sde-2-interview-experience-28-yoe-xmih/","India"
"1","Evaluate Reverse Polish Notation, emphasizing maintainable library code.","Stacks / Parsing","1","2025-02-02 (publication)","https://www.reddit.com/r/leetcode/comments/1ig72d0/","Canada"
"1","Explain how you stay up to date with best practices.","Behavioral / Learn and be curious","1","2025-05-23 (publication)","https://leetcode.com/discuss/post/6774605/amazon-sde-2-interview-experience-by-ano-zljs/","India"
"1","Explain how you step up to lead your team in your current role.","Behavioral / Ownership","1","2025-04-07 (publication)","https://leetcode.com/discuss/post/6624679/amazon-sde-ii-usa-onsite-interview-by-an-t3v7/","United States"
"1","Fill an M×N grid from crop frequencies so that identical crops are adjacent horizontally or vertically.","Arrays / Grid construction","1","2026-04-06 (publication)","https://leetcode.com/discuss/post/7796848/amazon-sde-2-interview-experience-onsite-e6cs/","India"
"1","Find a lowest common ancestor; exact tree constraints are not reported.","Trees","1","2025 (interview)","https://leetcode.com/discuss/post/7868487/amazon-2025-interview-sde2-offer-by-spri-950y/","Not stated"
"1","Find a minimum spanning tree; graph constraints are not reported.","Graphs","1","2025-08-08 (publication)","https://leetcode.com/discuss/post/7058445/amazon-sde-2-rejected-by-anonymous_user-19r6/","Not stated"
"1","Find a peak element in an array, with unspecified extensions.","Binary search","1","2025-02 (interview)","https://leetcode.com/discuss/post/6673070/","Not stated"
"1","Find a valid task order with mandatory and optional costed dependencies; if a cycle occurs, remove the lowest-cost optional edge that breaks it, or return no order for a mandatory-only cycle.","Graphs / Topological sorting","1","2026-07-27 (publication)","https://medium.com/@jordan.m.2/amazon-sde-ii-l5-interview-experience-bangalore-dsa-lld-hld-bar-raiser-5ddaa4c0edf3","India"
"1","Find a value common to two nodes in a custom lowest-common-ancestor tree problem without a supplied root.","Trees / Lowest common ancestor","1","2025-01 (interview)","https://leetcode.com/discuss/post/6290934/amazon-sde2-seattle-jan-2025-reject-by-a-g0f9/","United States"
"1","Find a vertical line crossing the fewest bricks in a brick wall.","Hash maps","1","2025-08 (interview)","https://leetcode.com/discuss/post/7337246/amazon-sde-2-backend-interview-exp-offer-iqyp/","Not stated"
"1","Find all recipes that can be made from available supplies, including recipes that depend on other recipes.","Graphs / Topological sort","1","2025-07-15 (publication)","https://leetcode.com/discuss/post/6962158/amazon-l5-sde2-backend-by-anonymous_user-6zry/","India"
"1","Find an optimal bus route when route costs are added to the bus-routes problem.","Graphs / Shortest paths","1","2025-03 (interview)","https://leetcode.com/discuss/post/6585102/amazon-interview-sde-2-march-2025-by-ano-9nha/","India"
"1","Find cells from which water can flow to both the Pacific and Atlantic edges.","Graphs / Grid traversal","1","2025-06 (interview)","https://leetcode.com/discuss/post/6961860/amazon-l5-sde-ii-bangalore-june-2025-sel-ocr8/","India"
"1","Find the intersection of Y-shaped linked lists (similar problem).","Linked lists","1","2025-01 (interview)","https://leetcode.com/discuss/post/6351740/amazon-sde-2-bangalore-jan-2025-offer-by-jlhb/","India"
"1","Find the largest island possible by changing at most one zero to one in a binary grid.","Graphs / Grid traversal","1","2025-05-27 (interview)","https://leetcode.com/discuss/post/6911864/amazon-sde-2-interview-experience-by-ano-yd64/","India"
"1","Find the largest subset of binary strings using at most m ones and n zeroes in total.","Dynamic programming / Knapsack","1","2026 (interview)","https://leetcode.com/discuss/post/8420230/amazon-sde-2-interview-experience-2026-e-t1g8/","India"
"1","Find the length of the longest strictly increasing subsequence whose consecutive values differ by at most k.","Dynamic programming","1","2026 (interview)","https://leetcode.com/discuss/post/8420230/amazon-sde-2-interview-experience-2026-e-t1g8/","India"
"1","Find the longest consecutive sequence in an unsorted array.","Arrays / Hashing","1","2026-01-03 (publication)","https://leetcode.com/discuss/post/7464207/amazon-sde-2-interview-experience-by-ano-qm47/","India"
"1","Find the longest dictionary word buildable one character at a time with every prefix also present in the word list.","Trie / Strings","1","2025 (interview)","https://leetcode.com/discuss/post/7868487/amazon-2025-interview-sde2-offer-by-spri-950y/","Not stated"
"1","Find the lowest common ancestor of a collection of nodes in a binary tree.","Trees","1","2025-07-15 (publication)","https://leetcode.com/discuss/post/6961332/amazon-sde-2-hyderabad-interview-experie-8pmb/","India"
"1","Find the majority element.","Arrays / Voting","1","2025-04-04 (interview)","https://www.reddit.com/r/leetcode/comments/1kazu6q/","India"
"1","Find the maximum difference between a binary-tree node and an ancestor.","Trees","1","2025-08 (interview)","https://leetcode.com/discuss/post/7337246/amazon-sde-2-backend-interview-exp-offer-iqyp/","Not stated"
"1","Find the maximum number of meeting rooms required.","Intervals / Heap","1","2025-08-02 (publication)","https://www.reddit.com/r/amazonemployees/comments/1mfhd0z/","Not stated"
"1","Find the maximum subarray sum subject to the first and last elements being equal.","Arrays / Prefix sums","1","2025-01-24 (publication)","https://leetcode.com/discuss/post/6324163/amazon-sde-2-l5-bengaluru-reject-by-anon-3snz/","India"
"1","Find the maximum value in each sliding window.","Arrays / Monotonic queue","1","2026-04-07 (publication)","https://leetcode.com/discuss/post/7815146/rant-on-amazon-sde-ii-interview-process-xl98c/","Not stated"
"1","Find the median of two sorted arrays.","Arrays / Binary search","1","2025-04-04 (interview)","https://www.reddit.com/r/leetcode/comments/1kazu6q/","India"
"1","Find the minimum element in a rotated sorted array.","Arrays / Binary search","1","2026-01 (interview)","https://leetcode.com/discuss/post/7638107/amazon-sde-2-4th-time-rejected-jan-2026-b5b72/","India"
"1","Find the minimum length subarray whose sum is strictly greater than x.","Arrays / Sliding window","1","2025-02-13 (publication)","https://leetcode.com/discuss/post/6417079/","India"
"1","Find the minimum number of buses needed to reach a destination.","Graphs / Breadth-first search","1","2025-03 (interview)","https://leetcode.com/discuss/post/6585102/amazon-interview-sde-2-march-2025-by-ano-9nha/","India"
"1","Find the minimum number of days needed to disconnect an island.","Graphs / Grid traversal","1","2026-02-13 (publication)","https://leetcode.com/discuss/post/7576550/amazon-sde2-interview-experience-full-lo-jhtv/","Not stated"
"1","Find the minimum number of platforms required for scheduled arrivals and departures.","Intervals / Scheduling","1","2025-04-29 (publication)","https://leetcode.com/discuss/post/6699329/amazon-sde-2-india-interview-experience-5gzeo/","India"
"1","Find the most frequent page switches from log entries.","Hashing / Log analysis","1","2025-03 (interview)","https://leetcode.com/discuss/post/6530123/aws-dublin-sde2-interview-experience-mar-3ter/","Ireland"
"1","Find the time for rot to spread through all fresh oranges in a grid.","Graphs / Breadth-first search","1","2025-06-23 (interview)","https://leetcode.com/discuss/post/6891316/amazon-aws-sde-2-l5-india-reject-by-anon-j4cf/","India"
"1","Find the time needed for infection to spread through a binary tree from a given starting node.","Trees / BFS","1","2025-07 (interview)","https://leetcode.com/discuss/post/7009755/amazon-sde-2-bangalore-4-yoe-july-2025-o-o826/","India"
"1","Find the time required for a signal to reach all nodes in a weighted directed network.","Graphs / Shortest paths","1","2025-06-10 (publication)","https://leetcode.com/discuss/post/6763561/","India"
"1","Find the top k most popular items in the past hour and across all time.","Data structures / Streaming","1","2025-06-25 (publication)","https://leetcode.com/discuss/post/6884999/amazon-sde-2-interview-experience-by-ano-w5j3/","Not stated"
"1","Find words that can be formed by concatenating at least two shorter words from the same dictionary.","Strings / Dynamic programming","1","2025-02-13 (publication)","https://leetcode.com/discuss/post/6417079/","India"
"1","For each product price, count smaller prices to its right.","Arrays / Divide and conquer","1","2026 (interview)","https://shubhamrajkumawat.medium.com/amazons-sde-ii-interview-affs-pune-in-2026-a-full-breakdown-19b9593b32ec","India"
"1","Given a strict employee–manager tree, count the new managers formed when a manager goes on leave and their immediate reportees become managers; solve first for a binary tree, then for an n-ary tree.","Trees","1","2026-01-03 (publication)","https://leetcode.com/discuss/post/7464207/amazon-sde-2-interview-experience-by-ano-qm47/","India"
"1","Given directed account-transfer pairs forming a chain, find the initial source and final destination account.","Graphs","1","2026-05-26 (publication)","https://leetcode.com/discuss/post/8293814/amazon-sde2-interview-experience-by-anon-wi0f/","Not stated"
"1","Given logs containing user IDs and webpage IDs, find the most frequently visited three-page sequence, aggregated by user.","Hashing / Log analysis","1","2025-02 (interview)","https://leetcode.com/discuss/post/6436772/amazon-sde2-firetv-bangalorechennai-feb-h5wzc/","India"
"1","Given n, find equal grid dimensions at or below n; the report gives n=5 -> 2 by 2 and n=4 -> 2 by 2.","Math","1","2025-03-03 (interview)","https://www.reddit.com/r/leetcode/comments/1j4erti/","United States"
"1","Given two employees, find their common ancestors.","Graphs","1","2026-03-27 (publication)","https://leetcode.com/discuss/post/7701734/amazon-sde-2-interview-experience-by-ano-x6lv/","India"
"1","Group words that are anagrams.","Hashing / Strings","1","2025-05 (interview)","https://leetcode.com/discuss/post/6961911/amazon-l5-sde-ii-bangalore-may-2025-reje-3mrx/","India"
"1","How do you use AI in your day-to-day work?","Generative AI","1","2026-03-13 (publication)","https://leetcode.com/discuss/post/7646418/amazon-sde-2-blr-interview-experience-re-c2kl/","India"
"1","Identify the celebrity in a group using who-knows-whom queries.","Graphs / Elimination","1","2025-05 (interview)","https://leetcode.com/discuss/post/6792693/amazon-sde-2-may-interview-experience-by-o5zr/","Not stated"
"1","Identify the two swapped elements in a binary search tree without an extra array.","Trees / Binary search trees","1","2025-02 (interview)","https://leetcode.com/discuss/post/6461481/amazon-sde-2-india-feb-2025-rejected-by-nxcpr/","India"
"1","Implement an LRU cache.","Data structures / Cache","2","2025-08 (interview); 2025-05-13 (publication)","https://leetcode.com/discuss/post/7176045/amazon-sde-2-chennai-rejected-by-anonymo-txfr/; https://leetcode.com/discuss/post/6742436/sde-2-interview-by-anonymous_user-kma1/","India; Not stated"
"1","Implement getToken() to occupy and return the lowest available positive integer, and returnToken(token) to free a token.","Heaps / Data structure design","1","2025-02 (interview)","https://leetcode.com/discuss/post/6674923/amazon-sde-2-l5-interview-experience-by-56eo2/","Not stated"
"1","Implement quicksort.","Sorting","1","2025-05-13 (publication)","https://leetcode.com/discuss/post/6742436/sde-2-interview-by-anonymous_user-kma1/","Not stated"
"1","Implement the partition function of quicksort.","Sorting","1","2025-02 (interview)","https://leetcode.com/discuss/post/6461481/amazon-sde-2-india-feb-2025-rejected-by-nxcpr/","India"
"1","Infer character ordering from an alien dictionary.","Graphs / Topological sort","1","2026-04-07 (publication)","https://leetcode.com/discuss/post/7815146/rant-on-amazon-sde-ii-interview-process-xl98c/","Not stated"
"1","Maintain and return the median of a stream of numbers.","Heaps / Data streams","2","2026-06-28 (publication); 2026-05-20 (interview)","https://leetcode.com/discuss/post/8363946/amazon-sde-2-experience-by-user3981po-nwlw/; https://leetcode.com/discuss/post/8315111/amazon-l5-sde-2-interview-experience-off-yi2x/","India"
"1","Maintain the first unique number in a stream.","Data structures","1","2026-03-19 (publication)","https://leetcode.com/discuss/post/7670163/amazon-sde-2-selected-by-anonymous_user-7rq8/","Not stated"
"1","Maximize the sum selected from a binary tree without choosing directly connected nodes.","Trees / Dynamic programming","1","2025-09-17 (interview)","https://leetcode.com/discuss/post/7202678/amazon-sde-2-india-interview-experience-7fu7t/","India"
"1","Merge k sorted linked lists.","Linked lists / Heap","1","2025-08-07 (publication)","https://leetcode.com/discuss/post/7054407/amazon-sde-2-bengaluruindia-by-anonymous-t62o/","India"
"1","Model audio/screen Alexa device types with optional batteries and charging status, including a show method for battery percentage/absence and charging state.","Low-level design","2","2025-06-29 (publication); 2025-05-02 (publication)","https://leetcode.com/discuss/post/6898756/amazon-sde-2-interview-experience-4-mont-fslv/; https://leetcode.com/discuss/post/6708128/amazon-sde2-hyderabad-interview-experien-j65b/","Not stated"
"1","Monitor a temperature stream and emit an alert after five consecutive strictly increasing readings.","Arrays / Streaming","1","2026-08-10 (publication)","https://leetcode.com/discuss/post/8452606/amazon-interview-experience-5-yoe-automa-nlwf/","Not stated"
"1","Place cows in stalls to maximize the minimum distance between any two cows.","Binary search","1","2026-05-20 (interview)","https://leetcode.com/discuss/post/8315111/amazon-l5-sde-2-interview-experience-off-yi2x/","India"
"1","Prevent two simultaneous orders from both succeeding when only one unit of an item remains in inventory.","System design / Concurrency","1","2026-08-21 (interview)","https://leetcode.com/discuss/post/8512004/amazon-sde2-interview-experience-oa-phon-jhvj/","India"
"1","Print the boundary nodes of a binary tree.","Trees / Traversal","2","2026-04-06 (publication); 2025-03-03 (publication)","https://leetcode.com/discuss/post/7796848/amazon-sde-2-interview-experience-onsite-e6cs/; https://leetcode.com/discuss/post/6493437/amazon-sde-2-interview-experience-28-yoe-xmih/","India"
"1","Print the right-side view of a binary tree.","Trees / Traversal","1","2025-05-21 (publication)","https://leetcode.com/discuss/post/6766714/amazon-sde2-interview-experience-chances-9bwx/","Not stated"
"1","Process user logins and return the last user with the lowest login frequency, in a problem reported as similar to LFU Cache.","Data structures / Frequency tracking","1","2026-01-22 (publication)","https://leetcode.com/discuss/post/7515006/amazon-sde-2-interview-experience-by-ano-ov3n/","Not stated"
"1","Rearrange a string so no adjacent characters are equal.","Strings / Greedy","1","2025-02-07 (publication)","https://leetcode.com/discuss/post/6390329/amazon-dublin-sde-2-interview-experience-chwx/","Ireland"
"1","Remove duplicates from an array.","Arrays","1","2025-05-13 (publication)","https://leetcode.com/discuss/post/6742436/sde-2-interview-by-anonymous_user-kma1/","Not stated"
"1","Remove k digits from a number to produce the smallest possible result.","Stacks / Greedy","1","2025-07 (interview)","https://leetcode.com/discuss/post/7009755/amazon-sde-2-bangalore-4-yoe-july-2025-o-o826/","India"
"1","Reschedule meetings to maximize continuous free time (Reschedule Meetings for Maximum Free Time I).","Arrays / Sliding window","1","2025-07-15 (publication)","https://leetcode.com/discuss/post/6961332/amazon-sde-2-hyderabad-interview-experie-8pmb/","India"
"1","Return a valid course order given prerequisite dependencies.","Graphs / Topological sort","2","2026-05-22 (publication); 2025-04-01 (interview)","https://leetcode.com/discuss/post/8286346/amazon-sde-2-l5-bangalore-interview-expe-24nl/; https://www.reddit.com/r/leetcode/comments/1kmwz84/","India"
"1","Return the nodes at a given level of an N-ary tree.","Trees / Traversal","1","2025-04-06 (publication)","https://medium.com/@saiteja.dasari123/interview-experience-sde-2-at-amazon-accepted-offer-57655fab76b8","Not stated"
"1","Return the top view of a binary tree.","Trees / Traversal","1","2025-04-29 (publication)","https://leetcode.com/discuss/post/6699329/amazon-sde-2-india-interview-experience-5gzeo/","India"
"1","Search a sorted matrix; the matrix ordering guarantees are not reported.","Arrays / Search","1","2025-08-08 (publication)","https://leetcode.com/discuss/post/7058445/amazon-sde-2-rejected-by-anonymous_user-19r6/","Not stated"
"1","Search for a target in a rotated sorted array.","Arrays / Binary search","1","2026-03-03 (publication)","https://leetcode.com/discuss/post/7622801/amazon-sde-2-by-anonymous_user-u9pj/","Not stated"
"1","Search for a word in an m-by-n grid.","Backtracking","1","2025-09-11 (publication)","https://leetcode.com/discuss/post/7178881/sde2-bangalore-hiring-drive-by-bun_lian-50kc/","India"
"1","Serialize and deserialize a binary tree.","Trees / Serialization","1","2025-07-26 (interview)","https://leetcode.com/discuss/post/7132680/amazon-sde-2-bangalore-onsite-interview-pr26m/","India"
"1","Simulate asteroid collisions.","Stacks","1","2025-07 (interview)","https://leetcode.com/discuss/post/7027366/amazon-sde-2-interview-experience-2yoe-h-ynf0/","India"
"1","Solve a binary-search problem similar to Koko Eating Bananas; exact variant is not reported.","Binary search","1","2025-08-06 (publication)","https://leetcode.com/discuss/post/7052436/amazon-sde2-offer-hyd-by-anonymous_user-uol4/","India"
"1","Solve a Car Pooling variant and discuss scaling when trips are stored in a distributed database.","Arrays / Intervals","1","2026-02 (interview)","https://leetcode.com/discuss/post/7710904/amazon-sde2-feb-2026-selected-by-anonymo-5okv/","Not stated"
"1","Solve a course-ordering problem similar to Course Schedule II.","Graphs / Topological sorting","1","2025-05-21 (publication)","https://leetcode.com/discuss/post/6766714/amazon-sde2-interview-experience-chances-9bwx/","Not stated"
"1","Solve a minimum-rate allocation problem equivalent to Koko Eating Bananas in a different setting.","Binary search","1","2025-06 (interview)","https://leetcode.com/discuss/post/6961860/amazon-l5-sde-ii-bangalore-june-2025-sel-ocr8/","India"
"1","Solve a minimum-rate allocation problem similar to Koko Eating Bananas in another context.","Binary search","1","2025-05 (interview)","https://leetcode.com/discuss/post/6961911/amazon-l5-sde-ii-bangalore-may-2025-reje-3mrx/","India"
"1","Solve a problem combining Insert Interval and Merge Intervals; the exact combined variant is not supplied.","Arrays / Intervals","1","2025-10-12 (publication)","https://www.jointaro.com/interviews/companies/amazon/experiences/software-development-engineer-sde-ii-austin-tx-october-12-2025-accepted-offer-positive-3c92609e/","United States"
"1","Solve a problem similar to 3Sum; exact variant is not reported.","Arrays / Two pointers","1","2025-09-10 (publication)","https://www.linkedin.com/posts/piyushnirala_amazon-interviewexperience-systemdesign-activity-7371636735505666048-Zx-x","Not stated"
"1","Solve a spacing optimization problem similar to Magnetic Force Between Two Balls.","Binary search","1","2025-06-10 (publication)","https://leetcode.com/discuss/post/6763561/","India"
"1","Solve a string-pattern matching problem similar to Longest Happy Prefix.","Strings / Pattern matching","1","2025-06-17 (publication)","https://leetcode.com/discuss/post/6855714/amazon-sde-2-all-rounds-interview-experi-4q2t/","India"
"1","Solve a top-k frequent words variant, followed by ordering strings according to occurrences of a query.","Hashing / Strings","1","2025-04-07 (publication)","https://leetcode.com/discuss/post/6624679/amazon-sde-ii-usa-onsite-interview-by-an-t3v7/","United States"
"1","Solve a variation combining Top K and LRU Cache.","Data structures / Cache","1","2025-06-07 (publication)","https://www.reddit.com/r/leetcode/comments/1l5p4de/","Not stated"
"1","Solve a variation of House Robber.","Dynamic programming","1","2025-08-02 (publication)","https://www.reddit.com/r/amazonemployees/comments/1mfhd0z/","Not stated"
"1","Solve a variation of Merge Intervals, clarifying the input and output.","Intervals","1","2025-03 (interview)","https://www.reddit.com/r/leetcode/comments/1jf07ti/","United States"
"1","Solve a variation of N-Queens.","Backtracking","1","2026-01 (interview)","https://www.reddit.com/r/leetcode/comments/1qoun7s/","Brazil"
"1","Solve a variation of Word Break; exact change was not disclosed.","Dynamic programming / Strings","1","2025-01 (interview)","https://leetcode.com/discuss/post/6351740/amazon-sde-2-bangalore-jan-2025-offer-by-jlhb/","India"
"1","Solve a word-search-like problem and discuss optimization; exact variant is not reported.","Graphs / Search","1","2025-09-10 (publication)","https://www.linkedin.com/posts/piyushnirala_amazon-interviewexperience-systemdesign-activity-7371636735505666048-Zx-x","Not stated"
"1","Solve Snakes and Ladders.","Graphs / BFS","1","2025-07-23 (publication)","https://www.reddit.com/r/leetcode/comments/1m6xzy3/","Not stated"
"1","Sort an array containing three colors in place.","Arrays / Partitioning","1","2025-09-17 (interview)","https://leetcode.com/discuss/post/7202678/amazon-sde-2-india-interview-experience-7fu7t/","India"
"1","Starting from zero, reach target t using +1 and doubling; minimize the number of +1 operations.","Bit manipulation / Greedy","1","2025-02 (interview)","https://leetcode.com/discuss/post/6674923/amazon-sde-2-l5-interview-experience-by-56eo2/","Not stated"
"1","Support dynamic node insertion/removal and return the number of nodes at any given tree level in constant time.","Trees / Data structure design","1","2025-04-06 (publication)","https://medium.com/@saiteja.dasari123/interview-experience-sde-2-at-amazon-accepted-offer-57655fab76b8","Not stated"
"1","Tell me about a crucial project two weeks behind schedule and how you got it back on track.","Behavioral / Deliver results","1","2026 (interview)","https://shubhamrajkumawat.medium.com/amazons-sde-ii-interview-affs-pune-in-2026-a-full-breakdown-19b9593b32ec","India"
"1","Tell me about a difficult debugging issue and what you could have done better.","Behavioral / Dive deep","1","2026-05-20 (interview)","https://leetcode.com/discuss/post/8315111/amazon-l5-sde-2-interview-experience-off-yi2x/","India"
"1","Tell me about a time you delivered a project with resource constraints.","Behavioral / Leadership principles","1","2025-03 (interview)","https://www.reddit.com/r/leetcode/comments/1jf07ti/","United States"
"1","Tell me about a time you gave a simple solution to a complex problem.","Behavioral / Invent and simplify","1","2026-05-20 (interview)","https://leetcode.com/discuss/post/8315111/amazon-l5-sde-2-interview-experience-off-yi2x/","India"
"1","Tell me about a time you handled a customer issue.","Behavioral / Customer obsession","1","2026-04-06 (publication)","https://leetcode.com/discuss/post/7796848/amazon-sde-2-interview-experience-onsite-e6cs/","India"
"1","Tell me about a time you took an unpopular stance that your team or manager disagreed with. How did you navigate it?","Behavioral / Leadership principles","1","2025-02-05 (publication)","https://www.reddit.com/r/leetcode/comments/1ii7pwc/","Not stated"
"1","Tell me about a time you upskilled to gain subject-matter expertise.","Behavioral / Leadership principles","1","2025-03 (interview)","https://www.reddit.com/r/leetcode/comments/1jf07ti/","United States"
"1","Tell me about a time you used generative AI to improve personal or team productivity.","Behavioral / Generative AI","1","2026 (interview)","https://leetcode.com/discuss/post/8420230/amazon-sde-2-interview-experience-2026-e-t1g8/","India"
"1","Tell me about breaking production or being on-call during an outage and how you resolved it.","Behavioral / Ownership","1","2026-01 (interview)","https://leetcode.com/discuss/post/7638107/amazon-sde-2-4th-time-rejected-jan-2026-b5b72/","India"
"1","Tell me about challenges while working on something and how you overcame them.","Behavioral","1","2026-04-06 (publication)","https://leetcode.com/discuss/post/7796848/amazon-sde-2-interview-experience-onsite-e6cs/","India"
"1","Tell me about compromising quality to deliver quickly.","Behavioral / Deliver results","1","2026-03-19 (publication)","https://leetcode.com/discuss/post/7670163/amazon-sde-2-selected-by-anonymous_user-7rq8/","Not stated"
"1","Tell me about improving an existing team process.","Behavioral / Invent and simplify","1","2026-03-19 (publication)","https://leetcode.com/discuss/post/7670163/amazon-sde-2-selected-by-anonymous_user-7rq8/","Not stated"
"1","Trim a binary tree into a complete binary tree while maintaining a trash queue.","Trees / BFS","1","2026-04-25 (publication)","https://leetcode.com/discuss/post/8096139/amazon-sde-ii-interview-experience-need-qrubb/","Not stated"
"1","What is your role when a job fails in production?","Behavioral / Bias for action","1","2026-03-03 (publication)","https://codeprismo.medium.com/amazon-interview-experience-sde-2-2026-c2cd6e71c035","Not stated"
"1","Why choose merge sort rather than selection sort for counting smaller elements to the right?","Algorithms / Complexity","1","2026 (interview)","https://shubhamrajkumawat.medium.com/amazons-sde-ii-interview-affs-pune-in-2026-a-full-breakdown-19b9593b32ec","India"
"2","Add WhatsApp read receipts to an existing messaging system, including message flow, storage and offline users.","Low-level design / Messaging","1","2026-04-25 (publication)","https://leetcode.com/discuss/post/8096139/amazon-sde-ii-interview-experience-need-qrubb/","Not stated"
"2","After each delivery time arrives, output the running median; the supplied example uses the lower middle value for even prefixes.","Heaps","1","2026-06-04 (publication)","https://leetcode.com/discuss/post/8312943/amazon-sde-2-india-interview-experience-a2s2q/","India"
"2","Choose non-overlapping jobs to maximize total profit.","Dynamic programming / Scheduling","1","2025-06-29 (publication)","https://leetcode.com/discuss/post/6898756/amazon-sde-2-interview-experience-4-mont-fslv/","Not stated"
"2","Choose projects to maximize capital (IPO).","Heaps / Greedy","1","2026-04-12 (publication)","https://leetcode.com/discuss/post/7878487/amazon-sde2-selected-by-anonymous_user-c0zq/","Not stated"
"2","Combine weighted items into one at minimum total cost; each operation may choose any two items and costs their sum (rope-joining or number-merging formulations).","Heaps / Greedy","2","2025-09-10 (publication); 2025-01-24 (publication)","https://leetcode.com/discuss/post/7175298/amazon-dublin-sde2-reject-by-anonymous_u-xzt5/; https://leetcode.com/discuss/post/6324163/amazon-sde-2-l5-bengaluru-reject-by-anon-3snz/","India; Ireland"
"2","Compare SQL and NoSQL database choices.","Databases","1","2025-03 (interview)","https://leetcode.com/discuss/post/6654251/amazon-l5-sde-ii-april25-hyderabad-by-a2-umh1/","India"
"2","Compute the volume of rain water trapped between bars.","Arrays / Two pointers","1","2026-08-21 (interview)","https://leetcode.com/discuss/post/8512004/amazon-sde2-interview-experience-oa-phon-jhvj/","India"
"2","Could an inventory service be built using NoSQL instead of SQL? Discuss project design choices and patterns.","System design / Databases","1","2026-01-08 (publication)","https://leetcode.com/discuss/post/7477684/amazon-india-sde-2-interview-experience-ca6y0/","Not stated"
"2","Defend whether a roughly 10 MB request from a 10,000-subrequest fan-out was typical and considered in your project architecture.","Project deep dive","1","2026 (interview)","https://shubhamrajkumawat.medium.com/amazons-sde-ii-interview-affs-pune-in-2026-a-full-breakdown-19b9593b32ec","India"
"2","Describe a calculated risk you took when speed was crucial.","Behavioral","1","2025-07-15 (publication)","https://leetcode.com/discuss/post/6962158/amazon-l5-sde2-backend-by-anonymous_user-6zry/","India"
"2","Describe a conflict or disagreement with your manager and how you handled it.","Behavioral / Disagreement","1","2026-03-19 (publication)","https://leetcode.com/discuss/post/7670163/amazon-sde-2-selected-by-anonymous_user-7rq8/","Not stated"
"2","Describe a disagreement with a senior colleague and how you handled it.","Behavioral / Disagreement","1","2025-03 (interview)","https://www.reddit.com/r/leetcode/comments/1jf07ti/","United States"
"2","Describe a disagreement with your team or manager while solving a critical problem, and how your approach resolved it.","Behavioral / Disagree and commit","1","2026 (interview)","https://leetcode.com/discuss/post/8420230/amazon-sde-2-interview-experience-2026-e-t1g8/","India"
"2","Describe a process improvement and its impact on a customer.","Behavioral / Invent and simplify","1","2025-06-10 (publication)","https://leetcode.com/discuss/post/6763561/","India"
"2","Describe a process you improved on your own outside your responsibility.","Behavioral / Ownership","1","2026-08-18 (publication)","https://leetcode.com/discuss/post/8468910/amazon-sde-2-interview-experience-4-roun-i38r/","Not stated"
"2","Describe a project you could not fully deliver or for which you made trade-offs.","Behavioral / Deliver results","1","2025-05-23 (publication)","https://leetcode.com/discuss/post/6774605/amazon-sde-2-interview-experience-by-ano-zljs/","India"
"2","Describe a recent project you are proud of and hurdles you encountered.","Behavioral / Deliver results","1","2025-05-23 (publication)","https://leetcode.com/discuss/post/6774605/amazon-sde-2-interview-experience-by-ano-zljs/","India"
"2","Describe a time you compromised on code because of strict timelines.","Behavioral / Deliver results","1","2025-02 (interview)","https://leetcode.com/discuss/post/6461481/amazon-sde-2-india-feb-2025-rejected-by-nxcpr/","India"
"2","Describe a time you created something extra for a user.","Behavioral / Customer obsession","1","2025-05-23 (publication)","https://leetcode.com/discuss/post/6774605/amazon-sde-2-interview-experience-by-ano-zljs/","India"
"2","Describe a time you missed a deadline and how you handled it.","Behavioral / Deliver results","1","2026-03-03 (publication)","https://codeprismo.medium.com/amazon-interview-experience-sde-2-2026-c2cd6e71c035","Not stated"
"2","Describe a time you removed complexity for customers.","Behavioral / Invent and simplify","1","2025-04-07 (publication)","https://leetcode.com/discuss/post/6624679/amazon-sde-ii-usa-onsite-interview-by-an-t3v7/","United States"
"2","Describe a time you went above and beyond for a customer, including your actions and impact.","Behavioral / Customer obsession","2","2025-05-23 (publication); 2025-02-13 (publication)","https://leetcode.com/discuss/post/6774605/amazon-sde-2-interview-experience-by-ano-zljs/; https://leetcode.com/discuss/post/6417079/","India"
"2","Describe an in-depth analysis of a system or project.","Behavioral / Dive deep","1","2025-06-10 (publication)","https://leetcode.com/discuss/post/6763561/","India"
"2","Describe an unpopular stance that your manager or teammates opposed and how you handled it.","Behavioral / Have backbone","1","2025-02-13 (publication)","https://leetcode.com/discuss/post/6417079/","India"
"2","Describe dealing with unknowns in a new project.","Behavioral","1","2025-09-10 (publication)","https://leetcode.com/discuss/post/7175298/amazon-dublin-sde2-reject-by-anonymous_u-xzt5/","Ireland"
"2","Describe delivering a project under a tight or hard deadline.","Behavioral / Deliver results","1","2026-01 (interview)","https://leetcode.com/discuss/post/7638107/amazon-sde-2-4th-time-rejected-jan-2026-b5b72/","India"
"2","Describe receiving critical feedback and how you responded.","Behavioral / Feedback","1","2025-07-15 (publication)","https://leetcode.com/discuss/post/6962158/amazon-l5-sde2-backend-by-anonymous_user-6zry/","India"
"2","Describe work you took on outside your normal responsibilities.","Behavioral / Ownership","1","2025-09-10 (publication)","https://leetcode.com/discuss/post/7175298/amazon-dublin-sde2-reject-by-anonymous_u-xzt5/","Ireland"
"2","Design a board game like Ludo or Chess, including classes, responsibilities and where piece-movement behavior belongs.","Low-level design","1","2025-09-10 (publication)","https://www.linkedin.com/posts/piyushnirala_amazon-interviewexperience-systemdesign-activity-7371636735505666048-Zx-x","Not stated"
"2","Design a BookMyShow-style movie-ticket booking system with classes and seat-booking operations. See evidence for report-specific requirements.","Low-level design / Booking","1","2025-08 (interview)","https://leetcode.com/discuss/post/7337246/amazon-sde-2-backend-interview-exp-offer-iqyp/","Not stated"
"2","Design a bus ticket booking system, including APIs, database schema, service modules and concurrent bookings.","Low-level design","1","2025-08 (interview)","https://leetcode.com/discuss/post/7176045/amazon-sde-2-chennai-rejected-by-anonymo-txfr/","India"
"2","Design a chat application supporting shared video messages and video replies.","System design","1","2025-02 (interview)","https://leetcode.com/discuss/post/6674923/amazon-sde-2-l5-interview-experience-by-56eo2/","Not stated"
"2","Design a chat messenger.","System design","1","2025-02-08 (publication)","https://www.reddit.com/r/leetcode/comments/1ikxqeq/","Not stated"
"2","Design a chess game.","Low-level design","1","2025-04-04 (interview)","https://www.reddit.com/r/leetcode/comments/1kazu6q/","India"
"2","Design a collaborative text editor, including preventing simultaneous edits to the same text block.","Low-level design","1","2025-05-23 (publication)","https://leetcode.com/discuss/post/6774605/amazon-sde-2-interview-experience-by-ano-zljs/","India"
"2","Design a crawling system using a job scheduler.","System design","1","2025-02-24 (publication)","https://www.reddit.com/r/leetcode/comments/1iwouw0/","Not stated"
"2","Design a delivery partner assignment system.","Low-level design","1","2025-04-29 (publication)","https://leetcode.com/discuss/post/6699329/amazon-sde-2-india-interview-experience-5gzeo/","India"
"2","Design a digital wallet with wallet creation, balance management, fund transfers, and transaction logging.","Low-level design","1","2025-07 (interview)","https://leetcode.com/discuss/post/7009755/amazon-sde-2-bangalore-4-yoe-july-2025-o-o826/","India"
"2","Design a Facebook-like feed supporting millions of users, media posts, real-time likes and view counts, and near-instant loading; discuss push/pull, caching, databases and service boundaries.","System design / Social media","1","2026 (interview)","https://leetcode.com/discuss/post/8420230/amazon-sde-2-interview-experience-2026-e-t1g8/","India"
"2","Design a file filtering system that filters by file size and extension.","Low-level design","1","2025-07-26 (interview)","https://leetcode.com/discuss/post/7132680/amazon-sde-2-bangalore-onsite-interview-pr26m/","India"
"2","Design a file-management system.","Low-level design","1","2025-07-18 (interview)","https://www.reddit.com/r/leetcode/comments/1mbvm36/","Not stated"
"2","Design a filesystem with a finder API.","Low-level design","1","2025-07-15 (publication)","https://leetcode.com/discuss/post/6961332/amazon-sde-2-hyderabad-interview-experie-8pmb/","India"
"2","Design a food-delivery platform covering customers, restaurants, orders and delivery partners. Report-specific requirements are preserved in the evidence.","System design / Delivery","1","2025-07-23 (publication)","https://www.reddit.com/r/leetcode/comments/1m6xzy3/","Not stated"
"2","Design a log ingestion system for microservices.","System design","1","2025-07-15 (publication)","https://leetcode.com/discuss/post/6962158/amazon-l5-sde2-backend-by-anonymous_user-6zry/","India"
"2","Design a logging framework.","Low-level design","2","2026-04-07 (publication); 2025-06-25 (publication)","https://leetcode.com/discuss/post/7815146/rant-on-amazon-sde-ii-interview-process-xl98c/; https://leetcode.com/discuss/post/6884999/amazon-sde-2-interview-experience-by-ano-w5j3/","Not stated"
"2","Design a meeting and room reservation system.","Low-level design","1","2025-05-28 (interview)","https://leetcode.com/discuss/post/6923887/amazon-sde-2-interview-experience-select-rwpm/","India"
"2","Design a network request cache.","Low-level design","1","2025-05 (interview)","https://leetcode.com/discuss/post/6961911/amazon-l5-sde-ii-bangalore-may-2025-reje-3mrx/","India"
"2","Design a news feed system.","System design","1","2025-06-23 (interview)","https://leetcode.com/discuss/post/6891316/amazon-aws-sde-2-l5-india-reject-by-anon-j4cf/","India"
"2","Design a notification service.","System design / Notifications","1","2025-02-17 (publication)","https://leetcode.com/discuss/post/6433044/amazon-bar-raiser-round-for-sde2-by-anon-unp7/","India"
"2","Design a package-return system in which customers book a slot at a nearby drop store and physically drop off their package.","Low-level design / Logistics","1","2026-08 (interview)","https://leetcode.com/discuss/post/8499681/amazon-sde-2-selected-blr-aug-2026-by-dh-61y7/","India"
"2","Design a parking lot with appropriate classes, allocation and pricing behavior. See evidence for report-specific requirements.","Low-level design / Parking","1","2025-08-07 (publication)","https://leetcode.com/discuss/post/7054407/amazon-sde-2-bengaluruindia-by-anonymous-t62o/","India"
"2","Design a publisher/subscriber module for real-time communication.","Low-level design","1","2025-07-14 (publication)","https://www.reddit.com/r/leetcode/comments/1lzmtlt/","Not stated"
"2","Design a rate limiter, including classes/interfaces and handling high traffic.","Low-level design","1","2025-03 (interview)","https://leetcode.com/discuss/post/6654251/amazon-l5-sde-ii-april25-hyderabad-by-a2-umh1/","India"
"2","Design a restaurant booking system with entities, APIs, and database schema.","Low-level design","1","2025-06-17 (publication)","https://leetcode.com/discuss/post/6855714/amazon-sde-2-all-rounds-interview-experi-4q2t/","India"
"2","Design a ride-matching service.","Low-level design / Ride matching","1","2026-02-22 (publication)","https://leetcode.com/discuss/post/7599995/amazon-sde-2-l5-hyderabad-by-anonymous_u-kxf5/","India"
"2","Design a scalable file synchronization service.","System design","1","2025-03-03 (publication)","https://leetcode.com/discuss/post/6493437/amazon-sde-2-interview-experience-28-yoe-xmih/","India"
"2","Design a scalable notification system for order and delivery status updates.","System design","1","2026-06-01 (publication)","https://www.reddit.com/r/amazonemployees/comments/1ttlxqu/","India"
"2","Design a scheduler supporting low/medium/high priority jobs, ad-hoc and periodic requests, and background and foreground execution.","Low-level design / Scheduling","1","2026-08-10 (publication)","https://leetcode.com/discuss/post/8452606/amazon-interview-experience-5-yoe-automa-nlwf/","Not stated"
"2","Design a seller experience application at the entity and component level.","Low-level design","1","2025-02 (interview)","https://leetcode.com/discuss/post/6673070/","Not stated"
"2","Design a service to find a rider for a quick-commerce application.","Low-level design","1","2026-02-13 (publication)","https://leetcode.com/discuss/post/7576550/amazon-sde2-interview-experience-full-lo-jhtv/","Not stated"
"2","Design a short-video platform such as Instagram Reels or TikTok.","System design","1","2025-01 (interview)","https://leetcode.com/discuss/post/6290934/amazon-sde2-seattle-jan-2025-reject-by-a-g0f9/","United States"
"2","Design a stack that supports retrieving the minimum element (Min Stack).","Stacks","1","2025-10-12 (publication)","https://www.jointaro.com/interviews/companies/amazon/experiences/software-development-engineer-sde-ii-austin-tx-october-12-2025-accepted-offer-positive-3c92609e/","United States"
"2","Design a stock brokerage platform like Zerodha or Groww.","Low-level design","1","2025-08-08 (publication)","https://leetcode.com/discuss/post/7058445/amazon-sde-2-rejected-by-anonymous_user-19r6/","Not stated"
"2","Design a student registration system that supports enrolling in courses.","Low-level design / Registration","1","2026-01-22 (publication)","https://leetcode.com/discuss/post/7515006/amazon-sde-2-interview-experience-by-ano-ov3n/","Not stated"
"2","Design a URL shortener.","System design","2","2025-03-03 (interview); 2025-02-07 (publication)","https://www.reddit.com/r/leetcode/comments/1j4erti/; https://leetcode.com/discuss/post/6390329/amazon-dublin-sde-2-interview-experience-chwx/","Ireland; United States"
"2","Design a vehicle-rental system.","Low-level design","1","2025-09-25 (interview)","https://www.reddit.com/r/amazonemployees/comments/1o5jhbs/","India"
"2","Design a vending machine, including change, stock, and refill management.","Low-level design","1","2025-05-13 (publication)","https://leetcode.com/discuss/post/6742436/sde-2-interview-by-anonymous_user-kma1/","Not stated"
"2","Design a voting system for America’s Got Talent.","System design","1","2025-03 (interview)","https://www.reddit.com/r/leetcode/comments/1jf07ti/","United States"
"2","Design a weather application, including handling sensor failures.","System design","1","2025-02-02 (publication)","https://www.reddit.com/r/leetcode/comments/1ig72d0/","Canada"
"2","Design Amazon Locker deposits and code-based collection, locker sizes/allocation, expiry, concurrency, notifications and failure handling.","System design / Logistics","1","2026-05-26 (publication)","https://leetcode.com/discuss/post/8293814/amazon-sde2-interview-experience-by-anon-wi0f/","Not stated"
"2","Design Amazon music search by songs/artists/albums, playlists and play/pause/reset operations.","Low-level design","1","2026-06-28 (publication)","https://leetcode.com/discuss/post/8363946/amazon-sde-2-experience-by-user3981po-nwlw/","India"
"2","Design an Amazon Fresh loyalty program with reward points, tier benefits, wallet, and redemption.","Low-level design","1","2025-02-13 (publication)","https://leetcode.com/discuss/post/6417079/","India"
"2","Design an Amazon Locker system.","Low-level design","1","2025-03 (interview)","https://leetcode.com/discuss/post/6585102/amazon-interview-sde-2-march-2025-by-ano-9nha/","India"
"2","Design an ATM system.","Low-level design","2","2025-06-10 (publication); 2025-05-15 (publication)","https://leetcode.com/discuss/post/6763561/; https://www.reddit.com/r/leetcode/comments/1kmwz84/","India"
"2","Design an e-commerce error-reporting workflow from irrelevant search results through user reports, support assignment and log review.","System design","1","2025-08-06 (publication)","https://leetcode.com/discuss/post/7052436/amazon-sde2-offer-hyd-by-anonymous_user-uol4/","India"
"2","Design an elevator system.","Low-level design","1","2025-09-17 (interview)","https://leetcode.com/discuss/post/7202678/amazon-sde-2-india-interview-experience-7fu7t/","India"
"2","Design an extensible file-filtering interface. See evidence for reported filtering criteria and constraints.","Low-level design / Filesystems","1","2025-03-03 (publication)","https://leetcode.com/discuss/post/6493437/amazon-sde-2-interview-experience-28-yoe-xmih/","India"
"2","Design an extensible notification platform supporting multiple notification types and email, SMS and push channels, with minimal changes for new types or channels.","Low-level design / Notifications","1","2026-07-27 (publication)","https://medium.com/@jordan.m.2/amazon-sde-ii-l5-interview-experience-bangalore-dsa-lld-hld-bar-raiser-5ddaa4c0edf3","India"
"2","Design an extensible notification service where subscribers configure per-client delivery channels by urgency; include schema and strategy retrieval/sending code.","Low-level design","1","2025-09-11 (publication)","https://leetcode.com/discuss/post/7178881/sde2-bangalore-hiring-drive-by-bun_lian-50kc/","India"
"2","Design an internal Q&A platform with questions, answers, comments, votes, tags, moderation, search and reputation.","Low-level design","1","2026 (interview)","https://shubhamrajkumawat.medium.com/amazons-sde-ii-interview-affs-pune-in-2026-a-full-breakdown-19b9593b32ec","India"
"2","Design an issue management system with priorities, escalations, and a wait queue.","Low-level design","1","2025-06-17 (interview)","https://leetcode.com/discuss/post/6911864/amazon-sde-2-interview-experience-by-ano-yd64/","India"
"2","Design an online library.","System design","1","2025-01-28 (publication)","https://www.reddit.com/r/leetcode/comments/1ic2btn/","Not stated"
"2","Design an order-processing engine that handles duplicate orders caused by network failures and retries.","Low-level design / Idempotency","1","2026-03-03 (publication)","https://leetcode.com/discuss/post/7622801/amazon-sde-2-by-anonymous_user-u9pj/","Not stated"
"2","Design and implement a rate limiter; discuss algorithms and scaling. Report-specific concurrency and distribution requirements are preserved in the evidence.","Low-level design / Rate limiting","3","2026-03-20 (publication); 2025-10-29 (publication); 2025-06-22 (publication)","https://leetcode.com/discuss/post/7671704/amazon-swe-2-interview-verdict-rejected-lzd4o/; https://leetcode.com/discuss/post/7311674/amazon-sde-2-interview-experience-by-ano-2mnf/; https://leetcode.com/discuss/post/6870939/amazon-sde2-hyderabad-by-anonymous_user-br96/","India; Not stated"
"2","Design application screen-time tracking and usage statistics that persist the last seven days across reboots.","Low-level design","1","2026-04-06 (publication)","https://leetcode.com/discuss/post/7796848/amazon-sde-2-interview-experience-onsite-e6cs/","India"
"2","Design chess with class structure and API requests/responses.","Low-level design","1","2025-06 (interview)","https://leetcode.com/discuss/post/6961860/amazon-l5-sde-ii-bangalore-june-2025-sel-ocr8/","India"
"2","Design classes and services for food ordering with search, sorting, ordering and ratings.","Low-level design","1","2026-03-19 (publication)","https://leetcode.com/discuss/post/7670163/amazon-sde-2-selected-by-anonymous_user-7rq8/","Not stated"
"2","Design classes for an e-commerce platform and discuss handling scenarios.","Low-level design","1","2026-04-23 (publication)","https://leetcode.com/discuss/post/8074897/amazon-sde-2-interview-exp-blr-by-anonym-wddt/","India"
"2","Design Instagram.","System design","1","2025-02-05 (publication)","https://www.reddit.com/r/leetcode/comments/1ii7pwc/","Not stated"
"2","Design log storage.","System design","1","2025-05-31 (publication)","https://www.reddit.com/r/leetcode/comments/1kzutkk/","Ireland"
"2","Design notification routing: urgent messages go to all email/SMS/push channels; normal messages go to the user’s preferred channel. Implement routing only and discuss extensibility.","Low-level design","1","2026-05-25 (interview)","https://leetcode.com/discuss/post/8315111/amazon-l5-sde-2-interview-experience-off-yi2x/","India"
"2","Design real-time error-log monitoring for over one million writes per second and sub-second alerts; address backpressure during log spikes.","System design / Logging","1","2026-02 (interview)","https://leetcode.com/discuss/post/7710904/amazon-sde2-feb-2026-selected-by-anonymo-5okv/","Not stated"
"2","Design Stack Overflow with entities, relationships, functions, and APIs.","Low-level design","1","2025-04-06 (publication)","https://medium.com/@saiteja.dasari123/interview-experience-sde-2-at-amazon-accepted-offer-57655fab76b8","Not stated"
"2","Design Tic-Tac-Toe with entities, class diagram and game-over detection code.","Low-level design","1","2025-07 (interview)","https://leetcode.com/discuss/post/7027366/amazon-sde-2-interview-experience-2yoe-h-ynf0/","India"
"2","Design Twitter with consistent tweet writes and IDs, high availability, followers, and timelines.","System design","2","2025-11-27 (publication); 2025-06-14 (publication)","https://www.reddit.com/r/leetcode/comments/1p8fyxx/; https://leetcode.com/discuss/post/6841317/amazon-sde-2-interview-experience-by-cla-9dxb/","India; Not stated"
"2","Detect timetable overlaps when courses meet on selected weekdays and each course can have different start and end times on different days.","Intervals / Scheduling","1","2026-01-22 (publication)","https://leetcode.com/discuss/post/7515006/amazon-sde-2-interview-experience-by-ano-ov3n/","Not stated"
"2","Determine whether a destination city is reachable using given flights.","Graphs","1","2026-01 (interview)","https://leetcode.com/discuss/post/7638107/amazon-sde-2-4th-time-rejected-jan-2026-b5b72/","India"
"2","Determine whether a frog can cross a river by jumping between stones (Frog Jump).","Dynamic programming","1","2025-02 (interview)","https://leetcode.com/discuss/post/6436772/amazon-sde2-firetv-bangalorechennai-feb-h5wzc/","India"
"2","Evaluate an expression; the report describes a stack-based variant without operator details.","Stack / Parsing","1","2025 (interview)","https://leetcode.com/discuss/post/7868487/amazon-2025-interview-sde2-offer-by-spri-950y/","Not stated"
"2","Explain how you gain coworkers’ buy-in.","Behavioral / Earn trust","1","2025-04-07 (publication)","https://leetcode.com/discuss/post/6624679/amazon-sde-ii-usa-onsite-interview-by-an-t3v7/","United States"
"2","Extend the Twitter design to support a 5 MB video attached to a tweet.","System design","1","2025-06-14 (publication)","https://leetcode.com/discuss/post/6841317/amazon-sde-2-interview-experience-by-cla-9dxb/","Not stated"
"2","Extend the vehicle-rental design to enable notifications.","Low-level design","1","2025-09-25 (interview)","https://www.reddit.com/r/amazonemployees/comments/1o5jhbs/","India"
"2","Find a connecting path between flights; extend the solution to weighted costs and reverse-direction travel.","Graphs / Shortest paths","1","2025-04-24 (interview)","https://leetcode.com/discuss/post/6769948/my-amazon-l5-sde-ii-interview-experience-2cj2/","India"
"2","Find a feasible start for completing a circular gas-station route.","Arrays / Greedy","1","2025-05 (interview)","https://leetcode.com/discuss/post/6792693/amazon-sde-2-may-interview-experience-by-o5zr/","Not stated"
"2","Find a string’s lexicographic rank among its permutations.","Strings / Combinatorics","1","2025-02 (interview)","https://leetcode.com/discuss/post/6461481/amazon-sde-2-india-feb-2025-rejected-by-nxcpr/","India"
"2","Find all recipes that can be made from available supplies, including recipes that depend on other recipes.","Graphs / Topological sort","1","2025 (interview)","https://leetcode.com/discuss/post/7868487/amazon-2025-interview-sde2-offer-by-spri-950y/","Not stated"
"2","Find an unoccupied seat maximizing its distance to an occupied seat.","Arrays / Greedy","1","2026-08-18 (publication)","https://leetcode.com/discuss/post/8468910/amazon-sde-2-interview-experience-4-roun-i38r/","Not stated"
"2","Find files containing a word or a word prefix.","Strings / Tries","1","2025-10-14 (interview)","https://www.reddit.com/r/leetcode/comments/1o8441x/","India"
"2","Find repeated frames in a potentially infinite data stream within distance k.","Streaming / Sliding window","1","2026-01 (interview)","https://www.reddit.com/r/leetcode/comments/1qoun7s/","Brazil"
"2","Find the Celebrity.","Graphs / Elimination","1","2025-08-02 (publication)","https://www.reddit.com/r/amazonemployees/comments/1mfhd0z/","Not stated"
"2","Find the cheapest flight route from source to destination using at most K stops.","Graphs / Shortest path","1","2026-08-21 (interview)","https://leetcode.com/discuss/post/8512004/amazon-sde2-interview-experience-oa-phon-jhvj/","India"
"2","Find the height of a tree from a parent-index array whose root has parent -1.","Trees","1","2025-05-02 (publication)","https://leetcode.com/discuss/post/6708128/amazon-sde2-hyderabad-interview-experien-j65b/","Not stated"
"2","Find the longest run of ones when at most k zeros may be flipped.","Arrays / Sliding window","1","2025-06-29 (publication)","https://leetcode.com/discuss/post/6898756/amazon-sde-2-interview-experience-4-mont-fslv/","Not stated"
"2","Find the lowest common ancestor in a binary tree when queried nodes may be absent.","Trees","1","2026-03-13 (publication)","https://leetcode.com/discuss/post/7646418/amazon-sde-2-blr-interview-experience-re-c2kl/","India"
"2","Find the next greater element for each element of a circular array.","Stacks","1","2025-01 (interview)","https://leetcode.com/discuss/post/6351740/amazon-sde-2-bangalore-jan-2025-offer-by-jlhb/","India"
"2","Find the next greater element.","Stacks","1","2026-03-03 (publication)","https://codeprismo.medium.com/amazon-interview-experience-sde-2-2026-c2cd6e71c035","Not stated"
"2","Find the shortest grid path with obstacle eliminations.","Graphs / BFS","1","2026-04-12 (publication)","https://leetcode.com/discuss/post/7878487/amazon-sde2-selected-by-anonymous_user-c0zq/","Not stated"
"2","Find the sum of distances in a tree.","Trees / Dynamic programming","1","2025-08-02 (publication)","https://www.reddit.com/r/amazonemployees/comments/1mfhd0z/","Not stated"
"2","Find two vertical lines enclosing the largest area of water.","Arrays / Two pointers","1","2026-08-21 (interview)","https://leetcode.com/discuss/post/8512004/amazon-sde2-interview-experience-oa-phon-jhvj/","India"
"2","Given a binary tree and the node where fire starts, find the time to burn the tree when fire moves to adjacent nodes each unit of time.","Trees / Graph traversal","1","2025-02 (interview)","https://leetcode.com/discuss/post/6436772/amazon-sde2-firetv-bangalorechennai-feb-h5wzc/","India"
"2","Given currency exchange rates, find the rate between two arbitrary currencies.","Graphs","1","2026-03-03 (publication)","https://codeprismo.medium.com/amazon-interview-experience-sde-2-2026-c2cd6e71c035","Not stated"
"2","Given each guest's song list and play counts, identify the song most played by the guests for a DJ to play.","Arrays / Hashing","1","2025-11-28 (publication)","https://leetcode.com/discuss/post/7379756/amazon-sde-2-interview-exp-by-anonymous_-ide4/","Not stated"
"2","Given train arrival and departure times, find the minimum number of platforms required.","Intervals / Scheduling","1","2025-02 (interview)","https://leetcode.com/discuss/post/6461481/amazon-sde-2-india-feb-2025-rejected-by-nxcpr/","India"
"2","How did you handle multiple priorities?","Behavioral / Leadership principles","1","2025-02-08 (publication)","https://www.reddit.com/r/leetcode/comments/1ikxqeq/","Not stated"
"2","How do you measure success in a learning journey?","Behavioral / Learn and be curious","1","2026-05-25 (interview)","https://leetcode.com/discuss/post/8315111/amazon-l5-sde-2-interview-experience-off-yi2x/","India"
"2","How would the design handle a celebrity posting a tweet?","System design","1","2025-11-27 (publication)","https://www.reddit.com/r/leetcode/comments/1p8fyxx/","India"
"2","How would you find the nearest package drop store to a customer location?","System design / Geospatial search","1","2026-08 (interview)","https://leetcode.com/discuss/post/8499681/amazon-sde-2-selected-blr-aug-2026-by-dh-61y7/","India"
"2","How would you prevent millions of likes and views on a viral celebrity post from becoming a bottleneck?","System design / Scaling","1","2026 (interview)","https://leetcode.com/discuss/post/8420230/amazon-sde-2-interview-experience-2026-e-t1g8/","India"
"2","Implement a filesystem storage cache with LRU eviction; extend it to store file contents rather than only paths and names.","Data structures / Cache","1","2026-07-29 (interview)","https://leetcode.com/discuss/post/8457154/amazon-sde-ii-interview-experience-2026-19lzv/","Not stated"
"2","Implement a library accepting a function, arguments and delay; execute due jobs and report the count of queued functions.","Low-level design / Scheduling","1","2025-03-28 (publication)","https://www.reddit.com/r/leetcode/comments/1jm67v6/","United States"
"2","Implement an all-one data structure supporting count updates and retrieving minimum/maximum-count keys.","Data structure design","1","2025-06-26 (publication)","https://leetcode.com/discuss/post/6888988/amazon-sde-2-interview-exp-by-anonymous_-kcuz/","Not stated"
"2","Implement the LeetCode-style Design Twitter problem.","Data structures / Design","1","2025-09-18 (publication)","https://leetcode.com/discuss/post/7202451/amazon-sde2-onsite-experience-lessons-le-5bdc/","Not stated"
"2","Maintain and return the median of a stream of numbers.","Heaps / Data streams","2","2026-01-03 (publication); 2025-07-22 (publication)","https://leetcode.com/discuss/post/7464207/amazon-sde-2-interview-experience-by-ano-qm47/; https://leetcode.com/discuss/post/6988116/aws-sde-ii-rejected-usa-by-anonymous_use-s0jp/","India; United States"
"2","Maximize the value taken from a row of houses without choosing adjacent houses.","Dynamic programming","1","2026-06-04 (publication)","https://leetcode.com/discuss/post/8312943/amazon-sde-2-india-interview-experience-a2s2q/","India"
"2","Merge overlapping intervals.","Arrays / Intervals","1","2026-05-22 (publication)","https://leetcode.com/discuss/post/8286346/amazon-sde-2-l5-bangalore-interview-expe-24nl/","India"
"2","Pack small, medium and large items into small, medium and large boxes to minimize wasted space.","Optimization / Bin packing","1","2025-09-13 (publication)","https://www.reddit.com/r/leetcode/comments/1nfl6yl/","United States"
"2","Rearrange a string so that adjacent characters differ (Reorganize String).","Strings / Heap","1","2026-09-10 (publication)","https://leetcode.com/discuss/post/8513742/amazon-sde-2-l5-spain-by-anonymous_user-vs2p/","Spain"
"2","Remove duplicate nodes from a non-decreasing sorted linked list.","Linked lists","1","2025-09-10 (publication)","https://leetcode.com/discuss/post/7175298/amazon-dublin-sde2-reject-by-anonymous_u-xzt5/","Ireland"
"2","Return checkout order: serve the shortest waiting checkout, break duration ties by arrival time, and never interrupt a checkout.","Heaps / Scheduling","1","2025-05-02 (publication)","https://leetcode.com/discuss/post/6708128/amazon-sde2-hyderabad-interview-experien-j65b/","Not stated"
"2","Return the product of all other array elements for each position.","Arrays","1","2026-05-22 (publication)","https://leetcode.com/discuss/post/8286346/amazon-sde-2-l5-bangalore-interview-expe-24nl/","India"
"2","Schedule meetings across rooms and determine the most-used room (Meeting Rooms III).","Heaps / Scheduling","1","2026-03-13 (publication)","https://leetcode.com/discuss/post/7646418/amazon-sde-2-blr-interview-experience-re-c2kl/","India"
"2","Search for a target in a rotated sorted array.","Arrays / Binary search","2","2026-04-12 (publication); 2025-05-21 (publication)","https://leetcode.com/discuss/post/7878487/amazon-sde2-selected-by-anonymous_user-c0zq/; https://leetcode.com/discuss/post/6766714/amazon-sde2-interview-experience-chances-9bwx/","Not stated"
"2","Solve a coin-change variant with a restriction on valid coin counts; exact restriction is not reported.","Dynamic programming","1","2025-07-13 (publication)","https://medium.com/@harinera3691/amazon-sde-ii-interview-experience-2025-usa-8b6d8c8abc14","United States"
"2","Solve a dynamic-islands problem similar to Number of Islands II.","Graphs / Disjoint sets","1","2025-01 (interview)","https://leetcode.com/discuss/post/6351740/amazon-sde-2-bangalore-jan-2025-offer-by-jlhb/","India"
"2","Solve a problem similar to Minesweeper.","Graphs / Grid","1","2025-08-25 (publication)","https://www.reddit.com/r/amazonemployees/comments/1mzv6v6/","Canada"
"2","Solve a variant of finding the time needed to burn a binary tree.","Trees / Graph traversal","1","2025-05-21 (publication)","https://leetcode.com/discuss/post/6766714/amazon-sde2-interview-experience-chances-9bwx/","Not stated"
"2","Solve a variation of Course Schedule II.","Graphs / Topological sort","1","2025-06-07 (publication)","https://www.reddit.com/r/leetcode/comments/1l5p4de/","Not stated"
"2","Solve the N-Queens problem.","Backtracking","1","2026-01 (interview)","https://leetcode.com/discuss/post/7554515/amazon-sde-2-jan-2026-offer-interview-ex-2gkm/","Not stated"
"2","Tell me about a time a struggling colleague impacted your performance.","Behavioral / Leadership principles","1","2025-03 (interview)","https://www.reddit.com/r/leetcode/comments/1jf07ti/","United States"
"2","Tell me about a time you disagreed.","Behavioral / Leadership principles","1","2025-02-08 (publication)","https://www.reddit.com/r/leetcode/comments/1ikxqeq/","Not stated"
"2","Tell me about a time you learned a skill beyond your day-to-day work.","Behavioral / Leadership principles","1","2025-02-05 (publication)","https://www.reddit.com/r/leetcode/comments/1ii7pwc/","Not stated"
"2","Tell me about a time you used generative AI to solve a business problem and its measurable results.","Behavioral / Generative AI","1","2026 (interview)","https://leetcode.com/discuss/post/8420230/amazon-sde-2-interview-experience-2026-e-t1g8/","India"
"2","Tell me about owning a module end to end.","Behavioral / Ownership","1","2026-03-19 (publication)","https://leetcode.com/discuss/post/7670163/amazon-sde-2-selected-by-anonymous_user-7rq8/","Not stated"
"2","Tell me about something you recently learned and applied at work.","Behavioral / Learn and be curious","2","2026-05-25 (interview); 2026-04-06 (publication)","https://leetcode.com/discuss/post/8315111/amazon-l5-sde-2-interview-experience-off-yi2x/; https://leetcode.com/discuss/post/7796848/amazon-sde-2-interview-experience-onsite-e6cs/","India"
"2","Tell me about taking the lead to identify and resolve issues.","Behavioral / Ownership","1","2026-01 (interview)","https://leetcode.com/discuss/post/7638107/amazon-sde-2-4th-time-rejected-jan-2026-b5b72/","India"
"2","Validate flight routes subject to departure and arrival time constraints.","Graphs / Scheduling","1","2026-01 (interview)","https://leetcode.com/discuss/post/7638107/amazon-sde-2-4th-time-rejected-jan-2026-b5b72/","India"
"2","What strategy would you use to generate shortened URLs?","System design","1","2025-03-03 (interview)","https://www.reddit.com/r/leetcode/comments/1j4erti/","United States"
"3","Compare two product titles represented using hash maps and identify word additions, removals and moves.","Strings / Hash maps","1","2025-07-13 (publication)","https://medium.com/@harinera3691/amazon-sde-ii-interview-experience-2025-usa-8b6d8c8abc14","United States"
"3","Count the islands in a binary grid.","Graphs / Grid traversal","1","2025-09-13 (publication)","https://discuss.frontendlead.com/t/amazon-sde-ii-interview/2619","Not stated"
"3","Describe a feature you implemented that customers needed before they knew they needed it.","Behavioral / Customer obsession","1","2026-08-18 (publication)","https://leetcode.com/discuss/post/8468910/amazon-sde-2-interview-experience-4-roun-i38r/","Not stated"
"3","Describe a time you anticipated a customer request.","Behavioral","1","2025-07-15 (publication)","https://leetcode.com/discuss/post/6962158/amazon-l5-sde2-backend-by-anonymous_user-6zry/","India"
"3","Describe a time you failed.","Behavioral","1","2025-04-07 (publication)","https://leetcode.com/discuss/post/6624679/amazon-sde-ii-usa-onsite-interview-by-an-t3v7/","United States"
"3","Describe a time you simplified something for customers.","Behavioral / Customer obsession","1","2026-03-19 (publication)","https://leetcode.com/discuss/post/7670163/amazon-sde-2-selected-by-anonymous_user-7rq8/","Not stated"
"3","Describe a time you went above and beyond for a customer, including your actions and impact.","Behavioral / Customer obsession","2","2025-04-07 (publication); 2025-03 (interview)","https://leetcode.com/discuss/post/6624679/amazon-sde-ii-usa-onsite-interview-by-an-t3v7/; https://www.reddit.com/r/leetcode/comments/1jf07ti/","United States"
"3","Describe a time you went outside your expertise or did something uniquely different to solve a project problem.","Behavioral / Learn and be curious","1","2026 (interview)","https://leetcode.com/discuss/post/8420230/amazon-sde-2-interview-experience-2026-e-t1g8/","India"
"3","Describe work you took on outside your normal responsibilities.","Behavioral / Ownership","2","2025-07-15 (publication); 2025-03 (interview)","https://leetcode.com/discuss/post/6962158/amazon-l5-sde2-backend-by-anonymous_user-6zry/; https://www.reddit.com/r/leetcode/comments/1jf07ti/","India; United States"
"3","Design a book recommendation system.","System design","1","2025-08 (interview)","https://leetcode.com/discuss/post/7176045/amazon-sde-2-chennai-rejected-by-anonymo-txfr/","India"
"3","Design a BookMyShow-style movie-ticket booking system with classes and seat-booking operations. See evidence for report-specific requirements.","Low-level design / Booking","3","2026-03-27 (publication); 2025-09 (interview); 2025-07-15 (publication)","https://leetcode.com/discuss/post/7701734/amazon-sde-2-interview-experience-by-ano-x6lv/; https://leetcode.com/discuss/post/7228788/amazon-sde-2-reject-by-anonymous_user-l3z6/; https://leetcode.com/discuss/post/6961332/amazon-sde-2-hyderabad-interview-experie-8pmb/","India; Not stated"
"3","Design a chat application.","System design","1","2025-06-10 (publication)","https://leetcode.com/discuss/post/6763561/","India"
"3","Design a chatbot-like service.","Low-level design","1","2025-11-27 (publication)","https://www.reddit.com/r/leetcode/comments/1p8fyxx/","India"
"3","Design a concert ticket-booking system; prevent concurrent buyers from purchasing the same seat.","Low-level design / Concurrency","1","2026-03-03 (publication)","https://codeprismo.medium.com/amazon-interview-experience-sde-2-2026-c2cd6e71c035","Not stated"
"3","Design a distributed CRON job scheduler like Airflow.","Low-level design / Scheduling","1","2026-06-28 (publication)","https://leetcode.com/discuss/post/8363946/amazon-sde-2-experience-by-user3981po-nwlw/","India"
"3","Design a FASTag toll-payment system, considering idempotency, caching and scalability.","System design / Payments","1","2026-04-25 (publication)","https://leetcode.com/discuss/post/8096139/amazon-sde-ii-interview-experience-need-qrubb/","Not stated"
"3","Design a finance application: gather requirements and define classes and APIs, with some high-level design discussion.","Low-level design / Finance","1","2026-01-03 (publication)","https://leetcode.com/discuss/post/7464207/amazon-sde-2-interview-experience-by-ano-qm47/","India"
"3","Design a food-delivery platform covering customers, restaurants, orders and delivery partners. Report-specific requirements are preserved in the evidence.","System design / Delivery","2","2026-06-04 (publication); 2025-07 (interview)","https://leetcode.com/discuss/post/8312943/amazon-sde-2-india-interview-experience-a2s2q/; https://leetcode.com/discuss/post/7009755/amazon-sde-2-bangalore-4-yoe-july-2025-o-o826/","India"
"3","Design a logger supporting multiple filters and combinations of filters.","Low-level design","1","2025-05-21 (publication)","https://leetcode.com/discuss/post/6766714/amazon-sde2-interview-experience-chances-9bwx/","Not stated"
"3","Design a message generator producing different messages for different types of Amazon customers.","Low-level design","1","2025-03 (interview)","https://www.reddit.com/r/leetcode/comments/1jf07ti/","United States"
"3","Design a MoveInSync-like ride-sharing service with service classes and data models.","Low-level design","1","2026-04-12 (publication)","https://leetcode.com/discuss/post/7878487/amazon-sde2-selected-by-anonymous_user-c0zq/","Not stated"
"3","Design a multi-level parking lot.","Low-level design","1","2025-10-14 (interview)","https://www.reddit.com/r/leetcode/comments/1o8441x/","India"
"3","Design a multi-park ride-slot booking and ticket system with eight slots per ride and concurrent users.","System design","1","2025-09-11 (publication)","https://leetcode.com/discuss/post/7178881/sde2-bangalore-hiring-drive-by-bun_lian-50kc/","India"
"3","Design a multiplayer card game.","Low-level design","1","2025-06-12 (publication)","https://www.reddit.com/r/amazonemployees/comments/1l9pxwn/","Not stated"
"3","Design a Netflix-like video catalogue that tracks playback position when users pause.","Low-level design","1","2025-09-13 (publication)","https://www.reddit.com/r/leetcode/comments/1nfl6yl/","United States"
"3","Design a news feed system.","System design","1","2026-02-22 (publication)","https://leetcode.com/discuss/post/7599995/amazon-sde-2-l5-hyderabad-by-anonymous_u-kxf5/","India"
"3","Design a notification service.","System design / Notifications","1","2025-05 (interview)","https://leetcode.com/discuss/post/6792693/amazon-sde-2-may-interview-experience-by-o5zr/","Not stated"
"3","Design a parking lot system in a high-level design interview.","System design","1","2025-06-17 (interview)","https://leetcode.com/discuss/post/6911864/amazon-sde-2-interview-experience-by-ano-yd64/","India"
"3","Design a parking lot with appropriate classes, allocation and pricing behavior. See evidence for report-specific requirements.","Low-level design / Parking","2","2026-07-26 (publication); 2025-02 (interview)","https://dheeraj-bhagchandani.medium.com/amazon-interview-experience-sde-2-backend-c01839b6d87d; https://leetcode.com/discuss/post/6436772/amazon-sde2-firetv-bangalorechennai-feb-h5wzc/","India; Not stated"
"3","Design a pizza-pricing system.","Low-level design","1","2025-07 (interview)","https://www.reddit.com/r/leetcode/comments/1m55ep1/","Not stated"
"3","Design a proximity service.","System design","1","2025-01-24 (publication)","https://leetcode.com/discuss/post/6324163/amazon-sde-2-l5-bengaluru-reject-by-anon-3snz/","India"
"3","Design a rate limiter.","System design","1","2025-03-28 (publication)","https://www.reddit.com/r/leetcode/comments/1jm67v6/","United States"
"3","Design a recommendation service.","System design","1","2025-06-25 (publication)","https://leetcode.com/discuss/post/6884999/amazon-sde-2-interview-experience-by-ano-w5j3/","Not stated"
"3","Design a Reddit-like newsfeed supporting age restrictions.","System design","1","2025-04-16 (interview)","https://www.reddit.com/r/leetcode/comments/1kazu6q/","India"
"3","Design a scalable BookMyShow-style ticket-booking system. See evidence for report-specific booking and concurrency requirements.","System design / Booking","2","2026-07-27 (publication); 2025-08-02 (publication)","https://medium.com/@jordan.m.2/amazon-sde-ii-l5-interview-experience-bangalore-dsa-lld-hld-bar-raiser-5ddaa4c0edf3; https://www.reddit.com/r/amazonemployees/comments/1mfhd0z/","India; Not stated"
"3","Design a scalable social-media posting and friends-feed service for users with more than 2,000 friends, supporting high read and write throughput.","System design / Social media","1","2026-01 (interview)","https://leetcode.com/discuss/post/7554515/amazon-sde-2-jan-2026-offer-interview-ex-2gkm/","Not stated"
"3","Design a scalable, fault-tolerant payment service.","System design","1","2025-02 (interview)","https://leetcode.com/discuss/post/6673070/","Not stated"
"3","Design a scheduling framework.","Low-level design","1","2025-06-13 (publication)","https://www.reddit.com/r/leetcode/comments/1laqz1v/","United States"
"3","Design a service synchronizing actions and state among up to ten devices per user.","System design","1","2025-05-02 (publication)","https://leetcode.com/discuss/post/6708128/amazon-sde2-hyderabad-interview-experien-j65b/","Not stated"
"3","Design a split-payment and settlement system for group purchases, tracking contributions, non-paying participants, deadlines and refund distribution.","System design / Payments","1","2026-08-10 (publication)","https://leetcode.com/discuss/post/8452606/amazon-interview-experience-5-yoe-automa-nlwf/","Not stated"
"3","Design a Spotify-like music platform with song/artist/album search, playlists, saved songs, low-latency playback and millions of concurrent listeners; discuss audio distribution, storage, indexing and service boundaries.","System design / Streaming","1","2026 (interview)","https://leetcode.com/discuss/post/8420230/amazon-sde-2-interview-experience-2026-e-t1g8/","India"
"3","Design a system allowing a third-party service such as Spotify to notify Alexa users of a new feature, including offline-device behavior.","System design / Notifications","1","2026-07-31 (interview)","https://leetcode.com/discuss/post/8457154/amazon-sde-ii-interview-experience-2026-19lzv/","Not stated"
"3","Design a system installing a package and all dependent packages.","Low-level design / Graphs","1","2025-05-31 (publication)","https://www.reddit.com/r/leetcode/comments/1kzutkk/","Ireland"
"3","Design a tag management system.","System design","1","2025-05-23 (publication)","https://leetcode.com/discuss/post/6774605/amazon-sde-2-interview-experience-by-ano-zljs/","India"
"3","Design a train-management system.","Design","1","2025-07-14 (publication)","https://www.reddit.com/r/leetcode/comments/1lzmtlt/","Not stated"
"3","Design a transaction anomaly detection system that checks large traffic spikes without stopping transactions.","System design","1","2025-06 (interview)","https://leetcode.com/discuss/post/6961860/amazon-l5-sde-ii-bangalore-june-2025-sel-ocr8/","India"
"3","Design a URL shortener.","System design","3","2026-01-22 (publication); 2025-06-29 (publication); 2025-04 (interview)","https://leetcode.com/discuss/post/7515006/amazon-sde-2-interview-experience-by-ano-ov3n/; https://leetcode.com/discuss/post/6898756/amazon-sde-2-interview-experience-4-mont-fslv/; https://leetcode.com/discuss/post/6654251/amazon-l5-sde-ii-april25-hyderabad-by-a2-umh1/","India; Not stated"
"3","Design a user verification service that checks eligibility before a purchase.","System design","1","2025-06-26 (publication)","https://leetcode.com/discuss/post/6888988/amazon-sde-2-interview-exp-by-anonymous_-kcuz/","Not stated"
"3","Design a vehicle service center management system.","System design","1","2025-04-29 (publication)","https://leetcode.com/discuss/post/6699329/amazon-sde-2-india-interview-experience-5gzeo/","India"
"3","Design a vending-machine leasing system with machine, lease-agreement and payment relationships and extensible machine states.","Low-level design","1","2026-02 (interview)","https://leetcode.com/discuss/post/7710904/amazon-sde2-feb-2026-selected-by-anonymo-5okv/","Not stated"
"3","Design a WhatsApp-like chat system.","System design","1","2025-08-08 (publication)","https://leetcode.com/discuss/post/7058445/amazon-sde-2-rejected-by-anonymous_user-19r6/","Not stated"
"3","Design an aggregation system for vending machines.","System design","1","2025-11-28 (publication)","https://leetcode.com/discuss/post/7379756/amazon-sde-2-interview-exp-by-anonymous_-ide4/","Not stated"
"3","Design an AI-based summarization system for an Amazon contact center.","System design / Generative AI","1","2026-03-03 (publication)","https://leetcode.com/discuss/post/7622801/amazon-sde-2-by-anonymous_user-u9pj/","Not stated"
"3","Design an Amazon shopping cart with inventory handling for concurrent purchases.","System design","1","2025-06-17 (publication)","https://leetcode.com/discuss/post/6855714/amazon-sde-2-all-rounds-interview-experi-4q2t/","India"
"3","Design an event booking system.","System design","1","2025-07 (interview)","https://leetcode.com/discuss/post/7027366/amazon-sde-2-interview-experience-2yoe-h-ynf0/","India"
"3","Design an extensible EC2 instance discount system supporting multiple discount types.","Low-level design","1","2026-01 (interview)","https://leetcode.com/discuss/post/7638107/amazon-sde-2-4th-time-rejected-jan-2026-b5b72/","India"
"3","Design an inventory management system.","System design","1","2025-02-13 (publication)","https://leetcode.com/discuss/post/6417079/","India"
"3","Design an offline download manager for a social-media application.","Low-level design","1","2026-02-13 (publication)","https://leetcode.com/discuss/post/7576550/amazon-sde2-interview-experience-full-lo-jhtv/","Not stated"
"3","Design an online chess platform like Chess.com.","System design","1","2025-08 (interview)","https://leetcode.com/discuss/post/7337246/amazon-sde-2-backend-interview-exp-offer-iqyp/","Not stated"
"3","Design an online coding platform like LeetCode.","System design","1","2025-04-06 (publication)","https://medium.com/@saiteja.dasari123/interview-experience-sde-2-at-amazon-accepted-offer-57655fab76b8","Not stated"
"3","Design and implement a memory allocator.","Low-level design","1","2025-01 (interview)","https://leetcode.com/discuss/post/6351740/amazon-sde-2-bangalore-jan-2025-offer-by-jlhb/","India"
"3","Design and implement a package manager like Yarn.","Low-level design","1","2025-09-10 (publication)","https://leetcode.com/discuss/post/7175298/amazon-dublin-sde2-reject-by-anonymous_u-xzt5/","Ireland"
"3","Design and implement a rate limiter; discuss algorithms and scaling. Report-specific concurrency and distribution requirements are preserved in the evidence.","Low-level design / Rate limiting","2","2026-08-26 (interview); 2026-03-31 (publication)","https://leetcode.com/discuss/post/8512004/amazon-sde2-interview-experience-oa-phon-jhvj/; https://leetcode.com/discuss/post/7728145/amazon-sde2-interview-experience-by-anon-atwr/","India"
"3","Design classes and methods that generate identifiers in product-specific formats.","Low-level design","1","2025-07-15 (publication)","https://leetcode.com/discuss/post/6962158/amazon-l5-sde2-backend-by-anonymous_user-6zry/","India"
"3","Design Google Docs with real-time editing, conflict resolution, history/versioning, presence, permissions and regional scaling.","System design / Collaboration","1","2026-05-22 (publication)","https://leetcode.com/discuss/post/8286346/amazon-sde-2-l5-bangalore-interview-expe-24nl/","India"
"3","Design Google Drive.","System design","1","2025-07-22 (publication)","https://leetcode.com/discuss/post/6988116/aws-sde-ii-rejected-usa-by-anonymous_use-s0jp/","United States"
"3","Design Netflix, including availability, scalability, fault tolerance and movie search.","System design / Streaming","1","2026-05-26 (interview)","https://leetcode.com/discuss/post/8315111/amazon-l5-sde-2-interview-experience-off-yi2x/","India"
"3","Design parking for an Amazon Foods grocery store.","System design","1","2025-05-15 (publication)","https://www.reddit.com/r/leetcode/comments/1kmwz84/","India"
"3","Design routing to pick up from many stores with pickup times and assigned warehouses, including radius-based store queries; report gives an analogous rather than exact requirement.","System design","1","2025-05-13 (publication)","https://leetcode.com/discuss/post/6742436/sde-2-interview-by-anonymous_user-kma1/","Not stated"
"3","Design S3-like file storage with uploads and downloads resumable after network failure.","Low-level design","1","2025-02 (interview)","https://leetcode.com/discuss/post/6674923/amazon-sde-2-l5-interview-experience-by-56eo2/","Not stated"
"3","Design safe global software-image distribution to millions of devices, with a California release server and 20% of users in India.","System design / Content distribution","1","2026 (interview)","https://shubhamrajkumawat.medium.com/amazons-sde-ii-interview-affs-pune-in-2026-a-full-breakdown-19b9593b32ec","India"
"3","Design Slack.","System design","1","2025-08-07 (publication)","https://leetcode.com/discuss/post/7054407/amazon-sde-2-bengaluruindia-by-anonymous-t62o/","India"
"3","Design Splitwise with groups, shared bills, balances and settlements.","Low-level design / Expense sharing","1","2025-05-02 (interview)","https://leetcode.com/discuss/post/6769948/my-amazon-l5-sde-ii-interview-experience-2cj2/","India"
"3","Design the Amazon shopping website to handle Diwali shopping load and failure scenarios.","System design","1","2025-05 (interview)","https://leetcode.com/discuss/post/6961911/amazon-l5-sde-ii-bangalore-may-2025-reje-3mrx/","India"
"3","Design the entities and relationships for a company shuttle-cab service.","Low-level design","1","2026-06-29 (publication)","https://www.reddit.com/r/amazonemployees/comments/1uiqngp/","Not stated"
"3","Design the high-level system for a vending-machine leasing company.","System design","1","2026-03-19 (publication)","https://leetcode.com/discuss/post/7670163/amazon-sde-2-selected-by-anonymous_user-7rq8/","Not stated"
"3","Design the UNIX find command.","Low-level design","1","2025-02-02 (publication)","https://www.reddit.com/r/leetcode/comments/1ig72d0/","Canada"
"3","Design Truecaller.","System design","1","2025 (interview)","https://leetcode.com/discuss/post/7868487/amazon-2025-interview-sde2-offer-by-spri-950y/","Not stated"
"3","Design Uber.","System design","1","2025-07-09 (publication)","https://leetcode.com/discuss/post/6938707/amazon-sde-2-interview-experience-by-ano-36v1/","Not stated"
"3","Design viewer counts for recorded and live YouTube videos, with cross-region consistency and one billion requests per second.","System design","1","2025-06-22 (publication)","https://leetcode.com/discuss/post/6870939/amazon-sde2-hyderabad-by-anonymous_user-br96/","India"
"3","Detect a cycle in a graph; graph directionality is not stated.","Graphs","1","2025-09-18 (publication)","https://leetcode.com/discuss/post/7202451/amazon-sde2-onsite-experience-lessons-le-5bdc/","Not stated"
"3","Find a number whose frequency differs from other array values; exact frequency and ordering constraints are not supplied.","Arrays / Binary search","1","2025-09-10 (publication)","https://www.linkedin.com/posts/piyushnirala_amazon-interviewexperience-systemdesign-activity-7371636735505666048-Zx-x","Not stated"
"3","Find dictionary words in a character grid.","Tries / Backtracking","1","2025-02-17 (publication)","https://leetcode.com/discuss/post/6433044/amazon-bar-raiser-round-for-sde2-by-anon-unp7/","India"
"3","Find the k nodes in a BST whose values are closest to a floating-point target.","Trees / BST","1","2025-08-23 (interview)","https://leetcode.com/discuss/post/7132680/amazon-sde-2-bangalore-onsite-interview-pr26m/","India"
"3","Find the longest common subsequence of two sequences.","Dynamic programming / Strings","1","2026-08-18 (publication)","https://leetcode.com/discuss/post/8468910/amazon-sde-2-interview-experience-4-roun-i38r/","Not stated"
"3","Find the minimum number of rooms needed for meeting intervals.","Intervals / Heap","1","2026-01 (interview)","https://www.reddit.com/r/leetcode/comments/1qoun7s/","Brazil"
"3","Find the minimum time needed to swim across a grid as water rises.","Graphs / Shortest paths","1","2026-03-13 (publication)","https://leetcode.com/discuss/post/7646418/amazon-sde-2-blr-interview-experience-re-c2kl/","India"
"3","Find the safest path in a grid (reported as similar to Find the Safest Path in a Grid).","Graphs / Grid traversal","1","2026-08 (interview)","https://leetcode.com/discuss/post/8499681/amazon-sde-2-selected-blr-aug-2026-by-dh-61y7/","India"
"3","Find the shortest path in a grid with obstacle eliminations.","Graphs / BFS","1","2025-03-03 (interview)","https://www.reddit.com/r/leetcode/comments/1j4erti/","United States"
"3","Find the smallest missing positive integer in linear time and constant extra space.","Arrays","1","2025-06-14 (publication)","https://leetcode.com/discuss/post/6841317/amazon-sde-2-interview-experience-by-cla-9dxb/","Not stated"
"3","Find whether a word exists in a character grid.","Backtracking","1","2025-02-17 (publication)","https://leetcode.com/discuss/post/6433044/amazon-bar-raiser-round-for-sde2-by-anon-unp7/","India"
"3","Given people and transaction amounts, minimize the number of transactions needed to settle debts.","Backtracking / Debt settlement","1","2025-06-23 (interview)","https://leetcode.com/discuss/post/6891316/amazon-aws-sde-2-l5-india-reject-by-anon-j4cf/","India"
"3","How do you approach complex problems, whom do you consult, and how do you solve them?","Behavioral / Problem solving","1","2026-08-18 (publication)","https://leetcode.com/discuss/post/8468910/amazon-sde-2-interview-experience-4-roun-i38r/","Not stated"
"3","How do you use generative AI in your day-to-day development workflow?","GenAI / Engineering workflow","1","2026-07-31 (interview)","https://leetcode.com/discuss/post/8457154/amazon-sde-ii-interview-experience-2026-19lzv/","Not stated"
"3","Implement an interface to navigate browser history.","Data structures","1","2026-01-08 (publication)","https://leetcode.com/discuss/post/7477684/amazon-india-sde-2-interview-experience-ca6y0/","Not stated"
"3","Implement an LRU cache.","Data structures / Cache","1","2025-01-28 (publication)","https://www.reddit.com/r/leetcode/comments/1ic2btn/","Not stated"
"3","Implement APIs to ingest tweets and retrieve a fixed top-k set of hashtags.","Heap / Hash maps","1","2025-08-06 (publication)","https://leetcode.com/discuss/post/7052436/amazon-sde2-offer-hyd-by-anonymous_user-uol4/","India"
"3","Implement basic arithmetic operations +, −, × and ÷ without built-in functions.","Algorithms","1","2026-01-08 (publication)","https://leetcode.com/discuss/post/7477684/amazon-india-sde-2-interview-experience-ca6y0/","Not stated"
"3","Implement package-space allocation with sized lockers and operations to find, add, and update lockers for package insertion/removal.","Low-level design","1","2025-06-03 (interview)","https://leetcode.com/discuss/post/6923887/amazon-sde-2-interview-experience-select-rwpm/","India"
"3","Maintain and return the median of a stream of numbers.","Heaps / Data streams","1","2025-06-14 (publication)","https://leetcode.com/discuss/post/6841317/amazon-sde-2-interview-experience-by-cla-9dxb/","Not stated"
"3","Manage arrivals and departures across three parking-bay types with capacities, issuing incremental ticket IDs or appropriate responses.","Data structures / Design","1","2025-09-26 (interview)","https://www.reddit.com/r/amazonemployees/comments/1o5jhbs/","India"
"3","Present the low-level design of your own project, including entities, service contracts and key logic.","Low-level design","1","2026-06-01 (publication)","https://www.reddit.com/r/amazonemployees/comments/1ttlxqu/","India"
"3","Reduce x to zero by removing array elements from either end, minimizing the number removed.","Arrays / Sliding window","1","2025-09-18 (publication)","https://leetcode.com/discuss/post/7202451/amazon-sde2-onsite-experience-lessons-le-5bdc/","Not stated"
"3","Solve a variation of Exclusive Time of Functions.","Stacks / Simulation","1","2025-06-07 (publication)","https://www.reddit.com/r/leetcode/comments/1l5p4de/","Not stated"
"3","Solve Coin Change.","Dynamic programming","1","2025-07-23 (publication)","https://www.reddit.com/r/leetcode/comments/1m6xzy3/","Not stated"
"3","Sort an array containing 0, 1 and 2.","Arrays / Two pointers","1","2025-05-12 (publication)","https://www.reddit.com/r/leetcode/comments/1kkg96s/","Not stated"
"3","Tell me about a conflict with senior colleagues where your opinion turned out to be correct.","Behavioral / Disagree and commit","1","2026-05-26 (interview)","https://leetcode.com/discuss/post/8315111/amazon-l5-sde-2-interview-experience-off-yi2x/","India"
"3","Tell me about a disagreement with a team decision.","Behavioral / Disagree and commit","1","2026-03-03 (publication)","https://codeprismo.medium.com/amazon-interview-experience-sde-2-2026-c2cd6e71c035","Not stated"
"3","Tell me about a time you used generative AI to automate or streamline a workflow.","Behavioral / Generative AI","1","2026 (interview)","https://leetcode.com/discuss/post/8420230/amazon-sde-2-interview-experience-2026-e-t1g8/","India"
"3","Tell me about disagreeing with your manager and committing to the decision.","Behavioral / Disagree and commit","1","2026-01 (interview)","https://leetcode.com/discuss/post/7638107/amazon-sde-2-4th-time-rejected-jan-2026-b5b72/","India"
"3","Tell me about harsh feedback from your manager and how you acted on it.","Behavioral / Earn trust","3","2026-05-26 (interview); 2026-03-03 (publication); 2026 (interview)","https://leetcode.com/discuss/post/8315111/amazon-l5-sde-2-interview-experience-off-yi2x/; https://codeprismo.medium.com/amazon-interview-experience-sde-2-2026-c2cd6e71c035; https://shubhamrajkumawat.medium.com/amazons-sde-ii-interview-affs-pune-in-2026-a-full-breakdown-19b9593b32ec","India; Not stated"
"3","Tell me about sacrificing short-term gain for long-term value.","Behavioral / Long-term thinking","1","2026 (interview)","https://shubhamrajkumawat.medium.com/amazons-sde-ii-interview-affs-pune-in-2026-a-full-breakdown-19b9593b32ec","India"
"3","Tell me about solving a complex problem with a simple solution.","Behavioral / Invent and simplify","1","2026-01 (interview)","https://leetcode.com/discuss/post/7638107/amazon-sde-2-4th-time-rejected-jan-2026-b5b72/","India"
"3","Validate whether a two-color 2D array forms a valid chessboard pattern.","Arrays / Grid validation","1","2026-08-18 (publication)","https://leetcode.com/discuss/post/8468910/amazon-sde-2-interview-experience-4-roun-i38r/","Not stated"
"3","Why Amazon?","Behavioral","2","2025-08-23 (interview); 2025-08-06 (publication)","https://leetcode.com/discuss/post/7132680/amazon-sde-2-bangalore-onsite-interview-pr26m/; https://leetcode.com/discuss/post/7052436/amazon-sde2-offer-hyd-by-anonymous_user-uol4/","India"
"4","Build a log store that ingests entries and filters/searches by time, service, keyword or other criteria.","Low-level design","1","2025-07-13 (publication)","https://medium.com/@harinera3691/amazon-sde-ii-interview-experience-2025-usa-8b6d8c8abc14","United States"
"4","Build a recommendation system based on users' Amazon shopping history.","System design / Recommendations","1","2025-10-12 (publication)","https://www.jointaro.com/interviews/companies/amazon/experiences/software-development-engineer-sde-ii-austin-tx-october-12-2025-accepted-offer-positive-3c92609e/","United States"
"4","Build search suggestions from a file of previous queries, including returning the top k completions for a prefix.","Tries / Search","1","2025-05-23 (publication)","https://leetcode.com/discuss/post/6774605/amazon-sde-2-interview-experience-by-ano-zljs/","India"
"4","Choose a project that solved a critical issue; explain architectural choices, component interaction at scale, trade-offs, individual design contribution and quantified impact.","Project deep dive","1","2026 (interview)","https://leetcode.com/discuss/post/8420230/amazon-sde-2-interview-experience-2026-e-t1g8/","India"
"4","Choose k candy prices to maximize the minimum absolute difference between chosen prices.","Binary search / Greedy","1","2025-06 (interview)","https://leetcode.com/discuss/post/6961860/amazon-l5-sde-ii-bangalore-june-2025-sel-ocr8/","India"
"4","Compute the next lexicographic permutation.","Arrays / Permutations","1","2025-04-29 (publication)","https://leetcode.com/discuss/post/6699329/amazon-sde-2-india-interview-experience-5gzeo/","India"
"4","Compute trapped rainwater between bars.","Arrays / Two pointers","1","2025-04-06 (publication)","https://medium.com/@saiteja.dasari123/interview-experience-sde-2-at-amazon-accepted-offer-57655fab76b8","Not stated"
"4","Describe a disagreement with a senior colleague and how you handled it.","Behavioral / Disagreement","2","2026-08-18 (publication); 2025-06-10 (publication)","https://leetcode.com/discuss/post/8468910/amazon-sde-2-interview-experience-4-roun-i38r/; https://leetcode.com/discuss/post/6763561/","India; Not stated"
"4","Describe a system or process that did not meet standards and what you did.","Behavioral / Insist on highest standards","1","2025-06-10 (publication)","https://leetcode.com/discuss/post/6763561/","India"
"4","Describe a time you simplified something for customers.","Behavioral / Customer obsession","1","2025-07-15 (publication)","https://leetcode.com/discuss/post/6962158/amazon-l5-sde2-backend-by-anonymous_user-6zry/","India"
"4","Describe a time you went above and beyond for a customer, including your actions and impact.","Behavioral / Customer obsession","1","2026-03-19 (publication)","https://leetcode.com/discuss/post/7670163/amazon-sde-2-selected-by-anonymous_user-7rq8/","Not stated"
"4","Describe advocating an idea on behalf of customers.","Behavioral","1","2025-09-10 (publication)","https://leetcode.com/discuss/post/7175298/amazon-dublin-sde2-reject-by-anonymous_u-xzt5/","Ireland"
"4","Describe delivering a project under a tight or hard deadline.","Behavioral / Deliver results","1","2026 (interview)","https://leetcode.com/discuss/post/8315111/amazon-l5-sde-2-interview-experience-off-yi2x/","India"
"4","Describe how you handled an unreasonable customer request.","Behavioral / Customer obsession","1","2025-04-07 (publication)","https://leetcode.com/discuss/post/6624679/amazon-sde-ii-usa-onsite-interview-by-an-t3v7/","United States"
"4","Describe how you identified incorrect AI-generated code and corrected it.","GenAI / Code verification","1","2026-08-18 (publication)","https://leetcode.com/discuss/post/8468910/amazon-sde-2-interview-experience-4-roun-i38r/","Not stated"
"4","Describe investigating several layers to understand and resolve a problem on your team.","Behavioral","1","2025-07-15 (publication)","https://leetcode.com/discuss/post/6962158/amazon-l5-sde2-backend-by-anonymous_user-6zry/","India"
"4","Describe receiving critical feedback and how you responded.","Behavioral / Feedback","1","2026-08-18 (publication)","https://leetcode.com/discuss/post/8468910/amazon-sde-2-interview-experience-4-roun-i38r/","Not stated"
"4","Describe taking a calculated risk with minimal data.","Behavioral","1","2025-09-10 (publication)","https://leetcode.com/discuss/post/7175298/amazon-dublin-sde2-reject-by-anonymous_u-xzt5/","Ireland"
"4","Design a “people who bought this also bought that” recommendation system using purchase history.","System design / Recommendations","1","2026-01 (interview)","https://leetcode.com/discuss/post/7638107/amazon-sde-2-4th-time-rejected-jan-2026-b5b72/","India"
"4","Design a battery optimization service for Amazon platforms.","System design","1","2025-03-03 (publication)","https://leetcode.com/discuss/post/6493437/amazon-sde-2-interview-experience-28-yoe-xmih/","India"
"4","Design a bookshelf.","Low-level design","1","2025-02-28 (publication)","https://www.reddit.com/r/amazonemployees/comments/1j0am63/","Not stated"
"4","Design a car-rental system and code delivery of a booked car to its customer.","Low-level design","1","2025-08-02 (publication)","https://www.reddit.com/r/amazonemployees/comments/1mfhd0z/","Not stated"
"4","Design a CDN mechanism to push new S3 content to edge nodes.","Low-level design","1","2025-09-10 (publication)","https://leetcode.com/discuss/post/7175298/amazon-dublin-sde2-reject-by-anonymous_u-xzt5/","Ireland"
"4","Design a character data structure supporting add(c), remove(c), getMaxChar(), and getMinChar(); exact max/min semantics and complexity requirements are not supplied.","Data structures","1","2025-11-28 (publication)","https://leetcode.com/discuss/post/7379756/amazon-sde-2-interview-exp-by-anonymous_-ide4/","Not stated"
"4","Design a Coursera-like learning platform with users, course catalog, payments, notifications and video streaming.","System design","1","2025-09-10 (publication)","https://www.linkedin.com/posts/piyushnirala_amazon-interviewexperience-systemdesign-activity-7371636735505666048-Zx-x","Not stated"
"4","Design a file system (reported as a variation; detailed constraints not disclosed).","Low-level design","1","2025-08-25 (publication)","https://www.reddit.com/r/amazonemployees/comments/1mzv6v6/","Canada"
"4","Design a flight tracking system like Flightradar24.","System design","1","2025-05-21 (publication)","https://leetcode.com/discuss/post/6766714/amazon-sde2-interview-experience-chances-9bwx/","Not stated"
"4","Design a gift card system.","Low-level design","1","2025-05 (interview)","https://leetcode.com/discuss/post/6792693/amazon-sde-2-may-interview-experience-by-o5zr/","Not stated"
"4","Design a global e-commerce platform handling more than 50,000 requests per second during peak events.","System design","1","2026-01 (interview)","https://www.reddit.com/r/leetcode/comments/1qoun7s/","Brazil"
"4","Design a job scheduler that triggers events which send renewal actions.","System design","1","2025-06-07 (publication)","https://www.reddit.com/r/leetcode/comments/1l5p4de/","Not stated"
"4","Design a learning-management system for companies, covering database choice, search, content upload/download, security and persistent progress tracking.","System design / Learning platform","1","2026-02-05 (publication)","https://medium.com/@hissandanish/amazon-sde-2-interview-experience-selected-b1f8b0a69de5","India"
"4","Design a lottery with tickets costing one cent to 100 dollars and winning probability proportional to ticket price.","Randomized algorithms / Low-level design","1","2025-02-05 (publication)","https://www.reddit.com/r/leetcode/comments/1ii7pwc/","Not stated"
"4","Design a notification service.","System design / Notifications","1","2025-02 (interview)","https://leetcode.com/discuss/post/6436772/amazon-sde2-firetv-bangalorechennai-feb-h5wzc/","India"
"4","Design a real-time monitoring system.","System design","1","2025-08-23 (interview)","https://leetcode.com/discuss/post/7132680/amazon-sde-2-bangalore-onsite-interview-pr26m/","India"
"4","Design a Save as Draft feature.","System design","1","2025 (interview)","https://leetcode.com/discuss/post/7868487/amazon-2025-interview-sde2-offer-by-spri-950y/","Not stated"
"4","Design a scalable BookMyShow-style ticket-booking system. See evidence for report-specific booking and concurrency requirements.","System design / Booking","1","2026-07-26 (publication)","https://dheeraj-bhagchandani.medium.com/amazon-interview-experience-sde-2-backend-c01839b6d87d","Not stated"
"4","Design a system to determine the maximum concurrent users logged in at the same time.","Low-level design","1","2026-03-20 (publication)","https://leetcode.com/discuss/post/7671704/amazon-swe-2-interview-verdict-rejected-lzd4o/","Not stated"
"4","Design a weather forecasting website.","System design","1","2025-03 (interview)","https://leetcode.com/discuss/post/6530123/aws-dublin-sde2-interview-experience-mar-3ter/","Ireland"
"4","Design a web crawler in depth.","System design / Crawling","1","2026-06-28 (publication)","https://leetcode.com/discuss/post/8363946/amazon-sde-2-experience-by-user3981po-nwlw/","India"
"4","Design a YouTube-like video storage platform supporting upload, download, watching and search.","System design / Media","1","2026-08-18 (publication)","https://leetcode.com/discuss/post/8468910/amazon-sde-2-interview-experience-4-roun-i38r/","Not stated"
"4","Design Alexa classes and APIs that take a string, match rules, and perform validation.","Low-level design","1","2025-03-03 (interview)","https://www.reddit.com/r/leetcode/comments/1j4erti/","United States"
"4","Design Amazon Locker, addressing concurrency and scaling.","System design","1","2025-06-23 (interview)","https://leetcode.com/discuss/post/6911864/amazon-sde-2-interview-experience-by-ano-yd64/","India"
"4","Design Amazon.com.","System design","1","2026-08-26 (publication)","https://www.reddit.com/r/amazonemployees/comments/1vz5nzu/","Not stated"
"4","Design an Amazon Locker system.","Low-level design","2","2025-09 (interview); 2025-05-12 (publication)","https://leetcode.com/discuss/post/7228788/amazon-sde-2-reject-by-anonymous_user-l3z6/; https://www.reddit.com/r/leetcode/comments/1kkg96s/","Not stated"
"4","Design an API answering hourly/weekly queries over data in S3 with latency below two seconds.","System design","1","2025-06-24 (interview)","https://leetcode.com/discuss/post/6891316/amazon-aws-sde-2-l5-india-reject-by-anon-j4cf/","India"
"4","Design an e-commerce API fetching products for a category and its subcategories, with filtering.","Low-level design","1","2025-02-07 (publication)","https://leetcode.com/discuss/post/6390329/amazon-dublin-sde-2-interview-experience-chwx/","Ireland"
"4","Design an event forwarding framework with producers/consumers, batch processing, and long-running or failing events that do not block others.","Low-level design","1","2025-06-14 (publication)","https://leetcode.com/discuss/post/6841317/amazon-sde-2-interview-experience-by-cla-9dxb/","Not stated"
"4","Design an event-logging system.","System design / Logging","1","2026-02-13 (publication)","https://leetcode.com/discuss/post/7576550/amazon-sde2-interview-experience-full-lo-jhtv/","Not stated"
"4","Design an extensible file-filtering interface. See evidence for reported filtering criteria and constraints.","Low-level design / Filesystems","2","2026-04-05 (publication); 2026-03-11 (publication)","https://leetcode.com/discuss/post/7787615/amazon-sde-2-experience-and-compensation-9419/; https://www.reddit.com/r/leetcode/comments/1rqqlel/","Not stated"
"4","Design an Uber-like rider–driver matching system.","System design","1","2025-09-18 (publication)","https://leetcode.com/discuss/post/7202451/amazon-sde2-onsite-experience-lessons-le-5bdc/","Not stated"
"4","Design e-commerce order validation for payment methods, order information and delivery details, reporting validation failures before downstream processing.","Low-level design","1","2026-08-26 (publication)","https://www.reddit.com/r/leetcode/comments/1vz16fx/","Not stated"
"4","Design Spotify with particular focus on playlist and song-queue management.","System design / Music streaming","1","2026-01-03 (publication)","https://leetcode.com/discuss/post/7464207/amazon-sde-2-interview-experience-by-ano-qm47/","India"
"4","Design synchronization of device settings and configurations. See evidence for old-to-new migration, storage and scaling requirements.","System design / Synchronization","2","2026-08 (interview); 2025-06-09 (interview)","https://leetcode.com/discuss/post/8499681/amazon-sde-2-selected-blr-aug-2026-by-dh-61y7/; https://leetcode.com/discuss/post/6923887/amazon-sde-2-interview-experience-select-rwpm/","India"
"4","Design tweet creation, sub-second feeds from followed accounts, and popularity-ranked tweets in the user’s network.","System design / Social media","1","2026-03-03 (publication)","https://leetcode.com/discuss/post/7622801/amazon-sde-2-by-anonymous_user-u9pj/","Not stated"
"4","Design Uber classes, trip states, driver matching, pricing, payments and booking/tracking/cancellation APIs.","Low-level design","1","2026-05-22 (publication)","https://leetcode.com/discuss/post/8286346/amazon-sde-2-l5-bangalore-interview-expe-24nl/","India"
"4","Design WhatsApp, including signup and login flows.","System design","1","2025-07-15 (publication)","https://leetcode.com/discuss/post/6961332/amazon-sde-2-hyderabad-interview-experie-8pmb/","India"
"4","Determine semesters needed to complete prerequisite-constrained courses, taking at most K per semester and prioritizing available courses by maximum downstream depth.","Graphs / Scheduling","1","2026-08-04 (interview)","https://leetcode.com/discuss/post/8457154/amazon-sde-ii-interview-experience-2026-19lzv/","Not stated"
"4","Find all numbers in a range whose adjacent digits differ by exactly one.","Graphs / Enumeration","1","2025-05-02 (publication)","https://leetcode.com/discuss/post/6708128/amazon-sde2-hyderabad-interview-experien-j65b/","Not stated"
"4","Find an optimal Amazon Locker location given houses and trees; exact objective and constraints are not supplied.","Algorithms / Optimization","1","2025-07-22 (publication)","https://leetcode.com/discuss/post/6988116/aws-sde-ii-rejected-usa-by-anonymous_use-s0jp/","United States"
"4","Find package dependencies.","Graphs / DFS","1","2025-03 (interview)","https://www.reddit.com/r/leetcode/comments/1jf07ti/","United States"
"4","Find the days to infect all animals in a grid, with infection spreading in all eight directions and empty cages blocking spread.","Graphs / Multi-source BFS","1","2026 (interview)","https://shubhamrajkumawat.medium.com/amazons-sde-ii-interview-affs-pune-in-2026-a-full-breakdown-19b9593b32ec","India"
"4","Find the first missing positive integer.","Arrays","1","2025-11-27 (publication)","https://www.reddit.com/r/leetcode/comments/1p8fyxx/","India"
"4","Find the longest run of ones when at most k zeros may be flipped.","Arrays / Sliding window","1","2025-05-02 (publication)","https://leetcode.com/discuss/post/6708128/amazon-sde2-hyderabad-interview-experien-j65b/","Not stated"
"4","Find the longest substring without repeating characters.","Strings / Sliding window","3","2026-04-25 (publication); 2025-04-21 (interview); 2025-04 (interview)","https://leetcode.com/discuss/post/8096139/amazon-sde-ii-interview-experience-need-qrubb/; https://www.reddit.com/r/leetcode/comments/1kazu6q/; https://leetcode.com/discuss/post/6654251/amazon-l5-sde-ii-april25-hyderabad-by-a2-umh1/","India; Not stated"
"4","Find the maximum number of passengers in a car at any point given trips.","Arrays / Intervals","1","2026-03-19 (publication)","https://leetcode.com/discuss/post/7670163/amazon-sde-2-selected-by-anonymous_user-7rq8/","Not stated"
"4","Find the maximum points collected along a path from (0,0) to the end of a matrix.","Dynamic programming / Grid","1","2025-10-09 (interview)","https://www.reddit.com/r/amazonemployees/comments/1o5jhbs/","India"
"4","Find the maximum profit from non-overlapping jobs.","Dynamic programming / Binary search","1","2025-07-15 (publication)","https://leetcode.com/discuss/post/6962158/amazon-l5-sde2-backend-by-anonymous_user-6zry/","India"
"4","Find the minimum number of boats needed to rescue people subject to boat capacity.","Greedy / Two pointers","1","2025-07 (interview)","https://leetcode.com/discuss/post/7027366/amazon-sde-2-interview-experience-2yoe-h-ynf0/","India"
"4","Find the time for all reachable oranges to rot.","Graphs / Multi-source BFS","2","2026-01-08 (publication); 2026-01 (interview)","https://leetcode.com/discuss/post/7477684/amazon-india-sde-2-interview-experience-ca6y0/; https://leetcode.com/discuss/post/7554515/amazon-sde-2-jan-2026-offer-interview-ex-2gkm/","Not stated"
"4","Find users appearing on both day 1 and day 2 when the data does not fit into memory.","External memory / Sets","1","2025-01-28 (publication)","https://www.reddit.com/r/leetcode/comments/1ic2btn/","Not stated"
"4","Find words in a matrix of letters; exact adjacency and letter-reuse rules were not clarified in the report.","Tries / Backtracking","1","2025-04-07 (publication)","https://leetcode.com/discuss/post/6624679/amazon-sde-ii-usa-onsite-interview-by-an-t3v7/","United States"
"4","Given timestamped friendship edges among n people, find the earliest timestamp when everyone becomes connected.","Graphs / Disjoint sets","1","2025-06-17 (publication)","https://leetcode.com/discuss/post/6855714/amazon-sde-2-all-rounds-interview-experi-4q2t/","India"
"4","Group recipes that use the same ingredients.","Hashing / Grouping","1","2025-04 (interview)","https://leetcode.com/discuss/post/6654251/amazon-l5-sde-ii-april25-hyderabad-by-a2-umh1/","India"
"4","How do you remain a competent software engineer in the generative-AI era?","Generative AI","1","2026 (interview)","https://leetcode.com/discuss/post/8420230/amazon-sde-2-interview-experience-2026-e-t1g8/","India"
"4","How do you validate the output of an AI tool?","GenAI / Code verification","1","2026-08-18 (publication)","https://leetcode.com/discuss/post/8468910/amazon-sde-2-interview-experience-4-roun-i38r/","Not stated"
"4","How have you identified a customer need and solved it innovatively?","Behavioral / Customer obsession","1","2026 (interview)","https://shubhamrajkumawat.medium.com/amazons-sde-ii-interview-affs-pune-in-2026-a-full-breakdown-19b9593b32ec","India"
"4","Implement a distributed rate limiter, including concurrency-safe atomic operations.","System design / Rate limiting","1","2026-02 (interview)","https://leetcode.com/discuss/post/7710904/amazon-sde2-feb-2026-selected-by-anonymo-5okv/","Not stated"
"4","Implement a Teams meeting-room booking system.","Low-level design","1","2026-03-27 (publication)","https://leetcode.com/discuss/post/7701734/amazon-sde-2-interview-experience-by-ano-x6lv/","India"
"4","Implement a time-based key-value store with timestamps that are not strictly increasing.","Data structures / Trees","1","2025-02-02 (publication)","https://www.reddit.com/r/leetcode/comments/1ig72d0/","Canada"
"4","Implement an LRU cache with time-to-live expiration.","Caching / Data structures","1","2026-03-31 (publication)","https://leetcode.com/discuss/post/7728145/amazon-sde2-interview-experience-by-anon-atwr/","India"
"4","Implement an LRU cache.","Data structures / Cache","2","2025-08-07 (publication); 2025-03 (interview)","https://leetcode.com/discuss/post/7054407/amazon-sde-2-bengaluruindia-by-anonymous-t62o/; https://leetcode.com/discuss/post/6585102/amazon-interview-sde-2-march-2025-by-ano-9nha/","India"
"4","Implement x raised to n efficiently, including edge cases with bases 1 and -1.","Math / Exponentiation","1","2025-01 (interview)","https://leetcode.com/discuss/post/6351740/amazon-sde-2-bangalore-jan-2025-offer-by-jlhb/","India"
"4","Install a package and all of its dependencies in valid order.","Graphs / Topological sorting","1","2025-02-13 (publication)","https://leetcode.com/discuss/post/6417079/","India"
"4","Low-level design for an Amazon warehouse/locker system.","Low-level design","1","2025-02-05 (interview)","https://www.reddit.com/r/leetcode/comments/1iz1fjc/","United States"
"4","Maintain changing values and return the top n values using a priority-queue-style interface.","Heaps / Data structure design","1","2025-01 (interview)","https://leetcode.com/discuss/post/6290934/amazon-sde2-seattle-jan-2025-reject-by-a-g0f9/","United States"
"4","Maintain the number of islands as land is added through queries.","Graphs / Disjoint sets","1","2025-04-29 (publication)","https://leetcode.com/discuss/post/6699329/amazon-sde-2-india-interview-experience-5gzeo/","India"
"4","Maximize robbery proceeds from houses in a circle without robbing adjacent houses.","Dynamic programming","1","2025-07 (interview)","https://leetcode.com/discuss/post/7027366/amazon-sde-2-interview-experience-2yoe-h-ynf0/","India"
"4","Merge all route segments into one while minimizing total cost; merging costs the sum of delivery stops in the two segments.","Heaps / Greedy","1","2026 (interview)","https://shubhamrajkumawat.medium.com/amazons-sde-ii-interview-affs-pune-in-2026-a-full-breakdown-19b9593b32ec","India"
"4","Merge overlapping intervals carrying start, end and priority, retaining the highest priority when merging.","Intervals","1","2025-07-15 (publication)","https://leetcode.com/discuss/post/6962158/amazon-l5-sde2-backend-by-anonymous_user-6zry/","India"
"4","Migrate data from a relational database to NoSQL while maintaining availability and consistency.","System design / Data migration","1","2025-03-03 (publication)","https://leetcode.com/discuss/post/6493437/amazon-sde-2-interview-experience-28-yoe-xmih/","India"
"4","Place balls in baskets to maximize the minimum distance between balls.","Binary search","1","2025-07 (interview)","https://leetcode.com/discuss/post/7009755/amazon-sde-2-bangalore-4-yoe-july-2025-o-o826/","India"
"4","Print a binary tree in level order.","Trees / Traversal","2","2026-01 (interview); 2025-06-10 (publication)","https://leetcode.com/discuss/post/7554515/amazon-sde-2-jan-2026-offer-interview-ex-2gkm/; https://leetcode.com/discuss/post/6763561/","India; Not stated"
"4","Print a binary tree in zigzag level order.","Trees / Traversal","1","2025-06-10 (publication)","https://leetcode.com/discuss/post/6763561/","India"
"4","Reconstruct an original array consistent with supplied subsequence arrays; any valid ordering is acceptable.","Graphs / Topological sort","1","2026-04-12 (publication)","https://leetcode.com/discuss/post/7878487/amazon-sde2-selected-by-anonymous_user-c0zq/","Not stated"
"4","Remove k digits from a number to produce the smallest possible result.","Stacks / Greedy","1","2025-06-26 (publication)","https://leetcode.com/discuss/post/6888988/amazon-sde-2-interview-exp-by-anonymous_-kcuz/","Not stated"
"4","Reorganize String: rearrange characters so adjacent characters differ.","Strings / Greedy","1","2025-05-15 (publication)","https://www.reddit.com/r/leetcode/comments/1kmwz84/","India"
"4","Return all distinct permutations of a string containing repeated characters.","Backtracking","1","2026 (interview)","https://leetcode.com/discuss/post/8315111/amazon-l5-sde-2-interview-experience-off-yi2x/","India"
"4","Reverse linked-list nodes in groups of k (reported as similar to Reverse Nodes in k-Group).","Linked lists","1","2026-07-27 (publication)","https://medium.com/@jordan.m.2/amazon-sde-ii-l5-interview-experience-bangalore-dsa-lld-hld-bar-raiser-5ddaa4c0edf3","India"
"4","Search for a target in a rotated sorted array.","Arrays / Binary search","1","2026 (interview)","https://leetcode.com/discuss/post/8420230/amazon-sde-2-interview-experience-2026-e-t1g8/","India"
"4","Serialize and deserialize a binary tree.","Trees / Serialization","2","2026-04-25 (publication); 2025-04-21 (interview)","https://leetcode.com/discuss/post/8096139/amazon-sde-ii-interview-experience-need-qrubb/; https://www.reddit.com/r/leetcode/comments/1kazu6q/","India; Not stated"
"4","Simulate asteroid collisions.","Stacks","2","2026-01-08 (publication); 2025-05-19 (interview)","https://leetcode.com/discuss/post/7477684/amazon-india-sde-2-interview-experience-ca6y0/; https://leetcode.com/discuss/post/6769948/my-amazon-l5-sde-ii-interview-experience-2cj2/","India; Not stated"
"4","Solve a 3Sum variant; exact differences from the standard problem are not supplied.","Arrays / Two pointers","1","2025-09-11 (publication)","https://leetcode.com/discuss/post/7178881/sde2-bangalore-hiring-drive-by-bun_lian-50kc/","India"
"4","Solve a course-ordering problem similar to Course Schedule II (exact variation not disclosed).","Graphs / Topological sorting","1","2025-02 (interview)","https://leetcode.com/discuss/post/6674923/amazon-sde-2-l5-interview-experience-by-56eo2/","Not stated"
"4","Solve a longest common subsequence variant; the report does not disclose the variant’s exact constraints.","Dynamic programming","1","2025-08 (interview)","https://leetcode.com/discuss/post/7176045/amazon-sde-2-chennai-rejected-by-anonymo-txfr/","India"
"4","Solve a problem similar to Number of Islands; exact variant is not supplied.","Graphs / Grid traversal","1","2025-07-09 (publication)","https://leetcode.com/discuss/post/6938707/amazon-sde-2-interview-experience-by-ano-36v1/","Not stated"
"4","Solve Jump Game II.","Arrays / Greedy","1","2025-07-23 (publication)","https://www.reddit.com/r/leetcode/comments/1m6xzy3/","Not stated"
"4","Support adding employee ratings, querying the maximum rating and its first index, and deleting by index with subsequent indices shifting.","Data structures","1","2026-06-04 (publication)","https://leetcode.com/discuss/post/8312943/amazon-sde-2-india-interview-experience-a2s2q/","India"
"4","Tell me about a decision between long-term value and short-term results.","Behavioral / Leadership principles","1","2025-02-05 (publication)","https://www.reddit.com/r/leetcode/comments/1ii7pwc/","Not stated"
"4","Tell me about a project you are proud of that you have not yet discussed.","Behavioral / Leadership principles","1","2025-03 (interview)","https://www.reddit.com/r/leetcode/comments/1jf07ti/","United States"
"4","Tell me about a time AI could not generate the expected code.","Generative AI","1","2026-06-28 (publication)","https://leetcode.com/discuss/post/8363946/amazon-sde-2-experience-by-user3981po-nwlw/","India"
"4","Tell me about a time you directly interacted with a project or work stakeholder.","Behavioral / Customer obsession","1","2026 (interview)","https://leetcode.com/discuss/post/8420230/amazon-sde-2-interview-experience-2026-e-t1g8/","India"
"4","Tell me about a time you gave a simple solution to a complex problem.","Behavioral / Leadership principles","1","2025-03 (interview)","https://www.reddit.com/r/leetcode/comments/1jf07ti/","United States"
"4","Tell me about a time you made an impossible project possible.","Behavioral / Deliver results","1","2026-06-28 (publication)","https://leetcode.com/discuss/post/8363946/amazon-sde-2-experience-by-user3981po-nwlw/","India"
"4","Tell me about a time you stepped outside your comfort zone to learn something new.","Behavioral / Leadership principles","1","2025-11-27 (publication)","https://www.reddit.com/r/leetcode/comments/1p8fyxx/","India"
"4","Tell me about advocating for a customer even when it meant disagreeing with leadership.","Behavioral / Disagree and commit","1","2026 (interview)","https://shubhamrajkumawat.medium.com/amazons-sde-ii-interview-affs-pune-in-2026-a-full-breakdown-19b9593b32ec","India"
"4","Tell me about delivering something impactful with vague requirements.","Behavioral / Ownership","1","2026-03-19 (publication)","https://leetcode.com/discuss/post/7670163/amazon-sde-2-selected-by-anonymous_user-7rq8/","Not stated"
"4","Tell me about learning something quickly and applying it at work.","Behavioral / Learn and be curious","1","2026 (interview)","https://leetcode.com/discuss/post/8315111/amazon-l5-sde-2-interview-experience-off-yi2x/","India"
"4","Tell me about something innovative you did.","Behavioral / Leadership principles","1","2025-03 (interview)","https://www.reddit.com/r/leetcode/comments/1jf07ti/","United States"
"4","What is the cost of inserting into a min-heap?","Heaps / Complexity","1","2026 (interview)","https://shubhamrajkumawat.medium.com/amazons-sde-ii-interview-affs-pune-in-2026-a-full-breakdown-19b9593b32ec","India"
"4","When a user clicks a 1 in a matrix, flip it and all connected 1s to 0.","Graphs / Flood fill","1","2025-09-13 (publication)","https://www.reddit.com/r/leetcode/comments/1nfl6yl/","United States"
"4","Why are you looking for a job change?","Behavioral / Motivation","1","2026-06-28 (publication)","https://leetcode.com/discuss/post/8363946/amazon-sde-2-experience-by-user3981po-nwlw/","India"
